sku,ean,descrizione,marchio,categoria1,categoria2,categoria3,prezzo_vendita,prezzo_pubblico,link_icecat,thumb_url,scheda_tecnica_presente
015796,8054187279461,AE55MI3 CUCINA 53CM 4F/GAS F.ELETT. CL.A C/GRILL INOX,GLEM,GED COTTURA,CUCINE CON FORNO ELETTRICO,,422.86,549.0,,,NO
045851,4002515105924,E9256140 ELEMENTO GIUNZIONE PER LAVATRICI BIANCO WTV502,MIELE,GED LAVAGGIO,ACCESSORI,ACCESSORI LAVATR./ASCIUG.,57.29,86.9,,,NO
049168,4002516678199,12421140 SACCHETTO POLVERE TIPO F/J/M HYCLEAN PURE 4PZ,MIELE,PED LINEA PULIZIA,ACCESSORI E RICAMBI,SACCHETTI,11.13,15.9,,,NO
049169,4002516769781,12421130 SACCHETTO POLVERE TIPO G/N HYCLEAN PURE 4PZ,MIELE,PED LINEA PULIZIA,ACCESSORI E RICAMBI,SACCHETTI,11.13,14.9,,,NO
11010107313,8073024916208,P4GFXV P.COTT. 60CM INOX 4F VALVOLATO,GLEM,GED INCASSO,PIANI COTTURA,A GAS,139.67,199.0,,,NO
205398,8017709190194,CX68MF82 CUCINA 60CM 4F/GAS F.ELETT. 72LT CL.A INOX,SMEG,GED COTTURA,CUCINE CON FORNO ELETTRICO,DA 60 A 69 CM,604.66,799.0,https://prf.icecat.biz/?shopname=el4u&smi=product&ean_upc=8017709190194&lang=it,https://inishop.com/img/gallery_thumbs/216c709b095656c3d05ebd89d0e0d051275c3208.jpg,SI
212071,4002515725337,BLIZZARDCX1CATDOGPOWERLINENEW ASPIR. S/SACCO 890W 2LT HEPA CL.CBA,MIELE,PED LINEA PULIZIA,ASPIRAPOLVERE,CARRELLO SENZA SACCO,303.83,399.0,,,NO
287441,5413184151553,5KEK1222EER BOLLITORE EL.1500W 1.25LT GIREV.360GR ROSSO IMPER.,KITCHENAID,PED LINEA CUCINA,PREPARAZIONE CIBI,BOLLITORI,94.52,109.9,https://prf.icecat.biz/?shopname=el4u&smi=product&ean_upc=5413184151553&lang=it,https://images.icecat.biz/img/gallery_thumbs/3b49e1ecaf7ffcc6c01715ccab80e228f50b15fb.jpg,SI
287445,5413184151119,5KEK1522ECA BOLLITORE 2400W 1.5LT ARTISAN ROSSO MELA METALLIZZ,KITCHENAID,PED LINEA CUCINA,PREPARAZIONE CIBI,BOLLITORI,169.67,249.0,https://prf.icecat.biz/?shopname=el4u&smi=product&ean_upc=5413184151119&lang=it,https://images.icecat.biz/img/gallery_thumbs/23a6dbc0f766c2454b2fa37f379c1ace3b2b23f8.jpg,SI
287489,5413184170189,5KMT2204EER TOSTAPANE 1250W 7PROG. 2SCOMP. C/1 PINZA ART.ROSSO,KITCHENAID,PED LINEA CUCINA,COTTURA,ACCESSORI E RICAMBI,224.18,329.0,https://prf.icecat.biz/?shopname=el4u&smi=product&ean_upc=5413184170189&lang=it,https://images.icecat.biz/img/gallery_thumbs/c1d9207f145ddb38cb7ed3e7461954c11c7a61bc.jpg,SI
294258,5025232687848,ERGY10CM504 MULTIGROOMING RIC. 6IN1 WET&DRY AUTON.50MIN,PANASONIC,PED LINEA PERSONA,RASATURA,REGOLABARBA,34.88,39.9,https://prf.icecat.biz/?shopname=el4u&smi=product&ean_upc=5025232687848&lang=it,https://inishop.com/img/gallery_thumbs/39e986075ecb372f73b19141c5e7b7b65c69683b.jpg,SI
303334,4054278212326,62959440 DETERGENTE PER PAVIMENTI RM536 500ML,KäRCHER,PED LINEA PULIZIA,ACCESSORI E RICAMBI,ACCESSORI E RICAMBI,11.29,13.9,https://prf.icecat.biz/?shopname=el4u&smi=product&ean_upc=4054278212326&lang=it,https://inishop.com/img/gallery_thumbs/f92870758b569d7023de1f58b576fc79f19d58de.jpg,SI
305555,4002515105917,E9256130 ELEMENTO GIUNZIONE PER LAVATRICI CHROME WTV501,MIELE,GED LAVAGGIO,ACCESSORI,ACCESSORI LAVATR./ASCIUG.,57.29,84.9,,,NO
307107,4211125654863,BS55 SPECCHIO COSMETICO 13CM C/LUCE LED INGRANDIM.7X,BEURER,PED LINEA PERSONA,LINEA BELLEZZA,ACCESSORI E RICAMBI,39.8,45.9,,,NO
312017,4002515541876,10027990 DECALCIFICANTE PER LAVATRICI/LAVASTOVOGLIE 250GR,MIELE,GED LAVAGGIO,ACCESSORI,ACCESSORI LAVATR./ASCIUG.,10.07,12.9,,,NO
312020,4002515636152,10234530 PROFUMATORE PER ASCIUGABIANCHERIA FRAGRANZA NATURE,MIELE,GED LAVAGGIO,ACCESSORI,ACCESSORI LAVATR./ASCIUG.,10.86,13.9,,,NO
312438,8052745128329,DGP95GH P.COTT.GAS 90CM 5F+1TRIPL.CORONA GRIGL.GHISA INOX,GLEM,GED INCASSO,PIANI COTTURA,A GAS,284.52,399.0,,,NO
312446,8033945383886,GT32IX P.COTT. 30CM 2F/GAS G.SMALTATE INOX SERIE DOMINO,GLEM,GED INCASSO,PIANI COTTURA,SERIE DOMINO 30cm.,127.22,179.0,https://prf.icecat.biz/?shopname=el4u&smi=product&ean_upc=8033945383886&lang=it,https://inishop.com/img/gallery_thumbs/c1d83ba71c3c33e9ebb32292c9b722027c7d8c7b.jpg,SI
312447,8033945384104,GT320IX P.COTT. 30CM 2PIASTRE ELETTRICHE INOX SERIE DOMINO,GLEM,GED INCASSO,PIANI COTTURA,SERIE DOMINO 30cm.,111.07,169.0,https://prf.icecat.biz/?shopname=el4u&smi=product&ean_upc=8033945384104&lang=it,https://inishop.com/img/gallery_thumbs/2c2cce372dc071904c3744df2a60750326bdd70a.jpg,SI
312465,4002515171769,GW42105SW PANNELLO COMANDI X LAVAST.G4210 INNOVA NERO,MIELE,GED INCASSO,ACCESSORI E RICAMBI,ACCESSORI E RICAMBI,31.62,59.0,,,NO
315004,8052745124055,AR965MI6 CUCINA 90CM 4F+1TR.COR. F.MULTI6 CL.A IX ALPHA,GLEM,GED COTTURA,CUCINE CON FORNO ELETTRICO,DA 90 A 99 CM,799.55,999.0,https://prf.icecat.biz/?shopname=el4u&smi=product&ean_upc=8052745124055&lang=it,https://inishop.com/img/gallery_thumbs/288faa9d129406358132b96fc1b762c24c3f9eff.jpg,SI
315013,8052745124284,A654MI6 CUCINA 60X50CM 4F F.MULTI6 CL.A IX ALPHA,GLEM,GED COTTURA,CUCINE CON FORNO ELETTRICO,DA 60 A 69 CM,575.98,729.0,https://prf.icecat.biz/?shopname=el4u&smi=product&ean_upc=8052745124284&lang=it,https://inishop.com/img/gallery_thumbs/25f2e5a13588c859caf8ec69f0d310e7f5e395b8.jpg,SI
315025,8052745124109,A855GI CUCINA 80CM 4F+1TR.COR. F.GAS CL.A IX ALPHA,GLEM,GED COTTURA,CUCINE CON FORNO A GAS,DA 80 A 89 CM,699.18,899.0,https://prf.icecat.biz/?shopname=el4u&smi=product&ean_upc=8052745124109&lang=it,https://inishop.com/img/gallery_thumbs/1b9e03d5149ccafdd36047a2441d12aa864515d1.jpg,SI
315085,8033945383107,GT64TF P.COTT. 60CM 4F/GAS G.SMALTATE TERRA DI FRANCIA,GLEM,GED INCASSO,PIANI COTTURA,A GAS,191.19,299.0,https://prf.icecat.biz/?shopname=el4u&smi=product&ean_upc=8033945383107&lang=it,https://inishop.com/img/gallery_thumbs/66d799a1aa93fa88c56edceb22ec4599d7186235.jpg,SI
319653,4054278229171,WV1PLUS PULITORE FINESTRE AUT.20MIN 100ML BIANCO,KäRCHER,PED LINEA PULIZIA,PULITORI ACQUA/VAPORE,SCOPE A VAPORE,49.45,64.9,https://prf.icecat.biz/?shopname=el4u&smi=product&ean_upc=4054278229171&lang=it,https://inishop.com/img/gallery_thumbs/c47387dd7aac0d513085f8bca1de8a182afa0ad5.jpg,SI
319675,4002514399164,E7155710 SPAZZ.PARQUET TWISTER SBB 300-3 SETOLE NATURALI,MIELE,PED LINEA PULIZIA,ACCESSORI E RICAMBI,ACCESSORI E RICAMBI,47.4,59.9,,,NO
321063,7612981815271,1060459550 P.COTT.GAS 60CM 4F G.GHISA INOX FHSL6044GAVXSC,FRANKE,GED INCASSO,PIANI COTTURA,A GAS,176.19,269.0,https://prf.icecat.biz/?shopname=el4u&smi=product&ean_upc=7612981815271&lang=it,https://inishop.com/img/gallery_thumbs/622e11516de61b9cf38e1cc69ed3a83bce92301f.jpg,SI
321064,7612981815288,1060459731 P.COTT.GAS 75CM 5F G.GHISA INOX FHSL7554GAVTCXSC,FRANKE,GED INCASSO,PIANI COTTURA,A GAS,243.63,349.0,https://prf.icecat.biz/?shopname=el4u&smi=product&ean_upc=7612981815288&lang=it,https://inishop.com/img/gallery_thumbs/7a690bb39ab4fecdfe65cd2502c77eaba039774e.jpg,SI
321098,5413184123598,5KFC3516EER TRITATUTTO 240W 2VEL. CIOT.PLAST.830ML ROSSO IMP,KITCHENAID,PED LINEA CUCINA,PREPARAZIONE CIBI,TRITATUTTO,66.92,89.9,https://prf.icecat.biz/?shopname=el4u&smi=product&ean_upc=5413184123598&lang=it,https://images.icecat.biz/img/gallery_thumbs/ac83dc81e3b85aa844d34661edde508ef5ff7b96.jpg,SI
321100,5413184400033,5KSMPEXTA TRAFILE PASTA CORTA C/6 MATRICI X IMPASTATORI,KITCHENAID,PED LINEA CUCINA,PREPARAZIONE CIBI,ACCESSORI E RICAMBI,146.3,229.0,https://prf.icecat.biz/?shopname=el4u&smi=product&ean_upc=5413184400033&lang=it,https://images.icecat.biz/img/gallery_thumbs/743b51309b47dc98c3859e8bf7173d9ede615fa8.jpg,SI
321103,5413184200480,5KSM175PSECA IMPASTATORE 300W 4.8LT 2CIOT.INOX ROSSO MELA METAL,KITCHENAID,PED LINEA CUCINA,PREPARAZIONE CIBI,IMPASTATRICI,476.58,699.0,https://prf.icecat.biz/?shopname=el4u&smi=product&ean_upc=5413184200480&lang=it,https://images.icecat.biz/img/gallery_thumbs/84f80eb3c7f350e40073a8bfec21503d123df9e0.jpg,SI
322145,8054383962938,GHC631BK CAPPA SOTTOPENSILE 60CM 3VEL. F.CARBONE NERO,GLEM,GED INCASSO,CAPPE,CAPPE,67.97,109.0,https://prf.icecat.biz/?shopname=el4u&smi=product&ean_upc=8054383962938&lang=it,https://inishop.com/img/gallery_thumbs/911c6c06dafc5f7f38a5e80ac50b7992107bc933.jpg,SI
322146,8054383962921,GHC631WH CAPPA SOTTOPENSILE 60CM 3VEL. F.CARBONE BIANCO,GLEM,GED INCASSO,CAPPE,CAPPE,67.97,109.0,https://prf.icecat.biz/?shopname=el4u&smi=product&ean_upc=8054383962921&lang=it,https://inishop.com/img/gallery_thumbs/89a6e9e3ad2344c7158814de0e5873a5b8108525.jpg,SI
322199,5413184123314,5KFC3516EAC TRITATUTTO 240W 2VEL. CIOT.PLAST.830ML CREMA,KITCHENAID,PED LINEA CUCINA,PREPARAZIONE CIBI,FRULLATORI A BICCHIERE,66.92,89.9,https://prf.icecat.biz/?shopname=el4u&smi=product&ean_upc=5413184123314&lang=it,https://images.icecat.biz/img/gallery_thumbs/07f69b93f24bd92b2006b9bb205f17aab5dc9006.jpg,SI
322785,4002516072751,WCR870 LAV.C/FRONT 9KG 1600GIRI CE.A WIFI,MIELE,GED LAVAGGIO,LAVATRICI CARICA FRONTALE,"DA 9 A 9,99 KG",1542.68,1999.0,,,NO
323243,8052745126226,GT645HIX P.COTT.GAS 60CM 3F+TRIPL.CORONA G.GHISA INOX,GLEM,GED INCASSO,PIANI COTTURA,A GAS,229.49,299.0,https://prf.icecat.biz/?shopname=el4u&smi=product&ean_upc=8052745126226&lang=it,https://inishop.com/img/gallery_thumbs/9f8181a5ff8ea1d22953e13373b0b857eb4087ae.jpg,SI
325665,8054383962945,GHC631IX CAPPA SOTTOPENSILE 60CM 3VEL. F.CARBONE INOX,GLEM,GED INCASSO,CAPPE,CAPPE,73.72,109.0,https://prf.icecat.biz/?shopname=el4u&smi=product&ean_upc=8054383962945&lang=it,https://inishop.com/img/gallery_thumbs/e5324ddc0087d1d8425dac23c2ef1abac2f521a5.jpg,SI
326186,8054383964147,GHC640IX CAPPA SOTTOPENSILE 60CM 3VEL 2MOTOR F.CARBONE INOX,GLEM,GED INCASSO,CAPPE,CAPPE,112.53,179.0,https://prf.icecat.biz/?shopname=el4u&smi=product&ean_upc=8054383964147&lang=it,https://inishop.com/img/gallery_thumbs/a41a488ffb18ca24959108fb7f75faab077003e5.jpg,SI
327579,8003705117259,6246 FERRO VAPORE VERTICALE 1000W 180ML DUETTO BLU,ARIETE,PED LINEA STIRO,SISTEMI STIRANTI,FERRO CARICA CONTINUA,37.32,49.9,https://prf.icecat.biz/?shopname=el4u&smi=product&ean_upc=8003705117259&lang=it,https://images.icecat.biz/img/gallery_thumbs/9c4dd6dcd9b4045041479d454b41a9d0c8787695.jpg,SI
329483,8054383964024,GHF527SI CAPPA SOTTOPENSILE 52CM 3VEL. F.CARBONE SILVER,GLEM,GED INCASSO,CAPPE,CAPPE,77.31,119.0,https://prf.icecat.biz/?shopname=el4u&smi=product&ean_upc=8054383964024&lang=it,https://inishop.com/img/gallery_thumbs/7864c2737a4ae392d29fd2831ed35e5dad2c282f.jpg,SI
329632,4002516200079,11171420 TWINDOS CARE X RISCIACQ.TUBI DOSAGGI.TWINDOS 1.5LT,MIELE,GED LAVAGGIO,ACCESSORI,ACCESSORI LAVATR./ASCIUG.,14.77,15.9,,,NO
329823,8054383961238,GHE601SI CAPPA SOTTOPENSILE ESTR.60CM 3VEL FILTR.ANTIGRASSO,GLEM,GED INCASSO,CAPPE,CAPPE,87.39,139.0,https://prf.icecat.biz/?shopname=el4u&smi=product&ean_upc=8054383961238&lang=it,https://inishop.com/img/gallery_thumbs/03a4378bce7f2d7ddc9107cd98cca422f4d81500.jpg,SI
331216,4002516182108,H7164BEDSTCLST FORNO 60CM 76LT MULTIF.CL.A+ VAPORE INNOVA INOX/BK,MIELE,GED INCASSO,FORNI,ELETTR. MULTIFUNZ.,1279.59,1799.0,,,NO
331847,4002516262732,11384900 BASE DI RICARICA PER BATTERIA TRIFLEX HX1,MIELE,PED LINEA PULIZIA,ACCESSORI E RICAMBI,ACCESSORI E RICAMBI,68.49,84.9,,,NO
331848,4002516262749,11384950 MINI SPAZZOLA ELETTRICA PER TRIFLEX HX1,MIELE,PED LINEA PULIZIA,ACCESSORI E RICAMBI,ACCESSORI E RICAMBI,68.49,89.9,,,NO
331880,4002515817599,10455360 TURBOSPAZZOLA STB 305-3 TURBOTEQ,MIELE,PED LINEA PULIZIA,ACCESSORI E RICAMBI,ACCESSORI E RICAMBI,64.23,84.9,,,NO
333287,4002516240150,12737710 ULTRATABS ALL IN ONE 60 PZ ,MIELE,GED LAVAGGIO,ACCESSORI,ACCESSORI LAVASTOVIGLIE,17.9,22.9,,,NO
335833,4242005162963,KGN49XLEA COMBI 435LT CE.E L.70CM NOFROST LED INVERT INOX,BOSCH,GED REFRIGERAZIONE,FRIGO COMBINATI,NO FROST,701.5,899.0,https://prf.icecat.biz/?shopname=el4u&smi=product&ean_upc=4242005162963&lang=it,https://inishop.com/img/gallery_thumbs/d128a1e51acb8b878c8ca177b0782a4e270df827.jpg,SI
336814,5413184410001,5KSMMGA TRITATUTTO LAMA INOX PER IMPASTATORE,KITCHENAID,PED LINEA CUCINA,PREPARAZIONE CIBI,ACCESSORI E RICAMBI,101.27,149.9,https://prf.icecat.biz/?shopname=el4u&smi=product&ean_upc=5413184410001&lang=it,https://images.icecat.biz/img/gallery_thumbs/ec935547bea1c2b8459c5bcaf8801dba732b0d3c.jpg,SI
339562,7612985572804,FJO624XS CAPPA ARREDO PARETE 60CM INOX SATINATO,FRANKE,GED INCASSO,CAPPE,CAPPE,105.57,149.0,https://prf.icecat.biz/?shopname=el4u&smi=product&ean_upc=7612985572804&lang=it,https://inishop.com/img/gallery_thumbs/fd8be588f258c20459a11b4fd400670af7c6d946.jpg,SI
339563,7612985572835,FJO924XS CAPPA ARREDO PARETE 90CM INOX SATINATO,FRANKE,GED INCASSO,CAPPE,CAPPE,119.68,169.0,https://prf.icecat.biz/?shopname=el4u&smi=product&ean_upc=7612985572835&lang=it,https://inishop.com/img/gallery_thumbs/b45684c25b30c3c3ee03e7cec5ad2f33099c403d.jpg,SI
339617,7612981478216,1010358335 LAVELLO 86CM 2VASCHE RAPID INOX SATINATO RPX620,FRANKE,GED INCASSO,LAVELLI,LAVELLI,153.88,229.0,https://prf.icecat.biz/?shopname=el4u&smi=product&ean_upc=7612981478216&lang=it,https://inishop.com/img/gallery_thumbs/4af4e765be7951ef71b18d02fb42afcba487cf7f.jpg,SI
339618,7612981476779,1010358153 LAVELLO 116CM 2V. C/GOC.DX RAPID INOX SAT.RPX621DX,FRANKE,GED INCASSO,LAVELLI,LAVELLI,160.3,239.0,https://prf.icecat.biz/?shopname=el4u&smi=product&ean_upc=7612981476779&lang=it,https://inishop.com/img/gallery_thumbs/25b77c67caea99a8fb877c960a4ee6162c3403a8.jpg,SI
339619,7612981476786,1010358154 LAVELLO 116CM 2V. C/GOC.SX RAPID INOX SAT.RPX621SX,FRANKE,GED INCASSO,LAVELLI,LAVELLI,160.3,239.0,https://prf.icecat.biz/?shopname=el4u&smi=product&ean_upc=7612981476786&lang=it,https://inishop.com/img/gallery_thumbs/e8a515f732d1a9a411c6672cdfb604726e7631cf.jpg,SI
339962,8054383964345,FILKCA FILTRO CARBONE X CAPPE GHC631-831-931 IX/WH/BK 2PZ,GLEM,GED INCASSO,ACCESSORI E RICAMBI,ACCESSORI E RICAMBI,13.12,19.0,https://prf.icecat.biz/?shopname=el4u&smi=product&ean_upc=8054383964345&lang=it,https://inishop.com/img/gallery_thumbs/006478eb7a1246affe6cbe683566ea1be91dbf0f.jpg,SI
339978,8054383963423,GHC831IX CAPPA SOTTOPENSILE 80CM 3VEL. F.CARBONE INOX,GLEM,GED INCASSO,CAPPE,CAPPE,87.57,139.0,https://prf.icecat.biz/?shopname=el4u&smi=product&ean_upc=8054383963423&lang=it,https://inishop.com/img/gallery_thumbs/a3b542be2dea19ca374be0b926a6668d8f012096.jpg,SI
339980,8054383963416,GHC931IX CAPPA SOTTOPENSILE 90CM 3VEL. F.CARBONE INOX,GLEM,GED INCASSO,CAPPE,CAPPE,94.74,139.0,https://prf.icecat.biz/?shopname=el4u&smi=product&ean_upc=8054383963416&lang=it,https://inishop.com/img/gallery_thumbs/e5324ddc0087d1d8425dac23c2ef1abac2f521a5.jpg,SI
339984,8054383963973,GHF545IX CAPPA SOTTOPENSILE 52CM 3VEL. F.CARBONE INOX,GLEM,GED INCASSO,CAPPE,CAPPE,136.25,209.0,https://prf.icecat.biz/?shopname=el4u&smi=product&ean_upc=8054383963973&lang=it,https://inishop.com/img/gallery_thumbs/37113148f03813fc996221163efc0993401928c1.jpg,SI
340296,3838782435768,GM973XF P.COTT.GAS 90CM 4F+1TRIPL.CORONA G.GHISA INOX,HISENSE,GED INCASSO,PIANI COTTURA,A GAS,232.81,299.0,https://prf.icecat.biz/?shopname=el4u&smi=product&ean_upc=3838782435768&lang=it,https://images.icecat.biz/img/gallery_thumbs/ac9a221ad0b2d6a8548408d825d0d278673940cf.jpg,SI
342290,8013152208004,20800N PASSAPOMODORO 450W INDUZ. N.3 C/ACCESSORI INOX,REBER,PED LINEA CUCINA,PREPARAZIONE CIBI,PASSAPOMODORO E VERDURE,187.06,249.0,,,NO
342294,8013152208356,20835N PASSAPOMODORO 500W INDUZ. N.5 C/ACCESSORI INOX,REBER,PED LINEA CUCINA,PREPARAZIONE CIBI,PASSAPOMODORO E VERDURE,257.51,329.0,,,NO
344588,7612985785037,FSM97PXS FORNO 60CM 71LT MULTIF.11 A+ PIROLITICO INOX/NERO,FRANKE,GED INCASSO,FORNI,ELETTR. MULTIFUNZ.,420.6,529.0,https://prf.icecat.biz/?shopname=el4u&smi=product&ean_upc=7612985785037&lang=it,https://inishop.com/img/gallery_thumbs/7fa10cf68a3926555f28a068eaf598760d157a03.jpg,SI
346344,4002516369110,WTI370 LAVASC.C/F 1600G LAV.8KG-ASC.5KG CE.A POWERWASH,MIELE,GED LAVAGGIO,LAVASCIUGA,CARICA FRONTALE,1835.62,2499.0,,,NO
347541,4002516258551,11368260 STARTER SET LAVAST.UTABS60PZ+1.5KG SALE+500ML B,MIELE,GED LAVAGGIO,ACCESSORI,ACCESSORI LAVASTOVIGLIE,23.26,29.9,,,NO
348424,8690842399541,HIGG641C3SX P.COTT.GAS 60CM 4F G.SMALTATE COM.LATERALI INOX,BEKO,GED INCASSO,PIANI COTTURA,A GAS,97.29,129.0,https://prf.icecat.biz/?shopname=el4u&smi=product&ean_upc=8690842399541&lang=it,https://images.icecat.biz/img/gallery_thumbs/7379c6f912d67e329554bc663a7e40cba9cfe2e2.jpg,SI
348621,7612985785266,FSM654IBBK P.COTT.INDUZ.65CM 4ZONE SMART FORO 48CM CRISTAL.BK,FRANKE,GED INCASSO,PIANI COTTURA,INDUZIONE,308.55,399.0,https://prf.icecat.biz/?shopname=el4u&smi=product&ean_upc=7612985785266&lang=it,https://inishop.com/img/gallery_thumbs/109fdbcc077ee74c9cb8f7965814af6c09018b63.jpg,SI
349208,4002516369134,WTD165WPM LAVASC.C/FRONT 1500GIRI LAV.8KG-ASC.5KG CE.A INV.,MIELE,GED LAVAGGIO,LAVASCIUGA,CARICA FRONTALE,1396.23,1899.0,,,NO
352642,7612981476434,1010358044 LAVELLO 86CM 1V C/GOC.DX RAP INOX SAT.RPX61186DX,FRANKE,GED INCASSO,LAVELLI,LAVELLI,118.74,169.0,https://prf.icecat.biz/?shopname=el4u&smi=product&ean_upc=7612981476434&lang=it,https://inishop.com/img/gallery_thumbs/2326eb045d5a96dac754083b730850733473b8c8.jpg,SI
352643,7612981476441,1010358045 LAVELLO 86CM 1V C/GOCC.SX RAPID INOX SATINRPX61186,FRANKE,GED INCASSO,LAVELLI,LAVELLI,118.74,169.0,https://prf.icecat.biz/?shopname=el4u&smi=product&ean_upc=7612981476441&lang=it,https://inishop.com/img/gallery_thumbs/adc7824e4bfce2bfe7a23495be4d7f9749af413a.jpg,SI
355255,7612981899646,1140489933 LAVELLO 86CM 1VASCA C/GOCC. ANTEA AZG61186AVENA,FRANKE,GED INCASSO,LAVELLI,LAVELLI,163.02,219.0,https://prf.icecat.biz/?shopname=el4u&smi=product&ean_upc=7612981899646&lang=it,https://inishop.com/img/gallery_thumbs/b2d16d0539e4af4ca922ade861059fb2f76f66f7.jpg,SI
355259,3838782511622,BSA65226AB FORNO 60CM 77LT MULTIF.AIRFRY VAPORE CL.A NERO,HISENSE,GED INCASSO,FORNI,ELETTR. MULTIFUNZ.,247.09,329.0,https://prf.icecat.biz/?shopname=el4u&smi=product&ean_upc=3838782511622&lang=it,https://images.icecat.biz/img/gallery_thumbs/9ce3be497f34ec8740ee92686d3c6d2d5b50cf85.jpg,SI
356137,4002516464013,TEH785WP ASCIUG.C/FRONT 9KG CE.C EXCELLENCE WIFI CHROME,MIELE,GED LAVAGGIO,ASCIUGATRICI,"DA 9 A 9,99 KG",1179.32,1599.0,,,NO
356358,4002516365945,BOOSTCX1CATDOG ASPIR. S/SACCO 890W 1LT VORTEX CAT&DOG NERO,MIELE,PED LINEA PULIZIA,ASPIRAPOLVERE,CARRELLO SENZA SACCO,261.9,349.0,,,NO
356949,7612985800341,ARNO60XSBK CAPPA ARREDO PARETE 60CM ARNO INOX SATINATO/NERO,FRANKE,GED INCASSO,CAPPE,CAPPE,112.76,179.0,https://prf.icecat.biz/?shopname=el4u&smi=product&ean_upc=7612985800341&lang=it,https://inishop.com/img/gallery_thumbs/4b6dd3137db160864e9ab30d3be43d7bdb97f9ff.jpg,SI
356950,7612985800358,ARNO90XSBK CAPPA ARREDO PAR 90CM ARNO INOX SAT/NERO3250608800,FRANKE,GED INCASSO,CAPPE,CAPPE,130.64,199.0,https://prf.icecat.biz/?shopname=el4u&smi=product&ean_upc=7612985800358&lang=it,https://inishop.com/img/gallery_thumbs/35e4beb41e435488056f71aac0aad2c553eb3352.jpg,SI
356965,7612985764773,FBI525GR CAPPA SOTTOPENSILE 52CM 3VEL. BOX GREY,FRANKE,GED INCASSO,CAPPE,CAPPE,78.64,119.0,https://prf.icecat.biz/?shopname=el4u&smi=product&ean_upc=7612985764773&lang=it,https://inishop.com/img/gallery_thumbs/2b5f9fd4e26420f7501c385fe81366c1bdc9e18a.jpg,SI
356968,7612985804387,1160609445 FORNO 60CM 71LT MULTIF. CL.A INOX FSL82HXS,FRANKE,GED INCASSO,FORNI,ELETTR. MULTIFUNZ.,219.63,299.0,https://prf.icecat.biz/?shopname=el4u&smi=product&ean_upc=7612985804387&lang=it,https://inishop.com/img/gallery_thumbs/0796a8232de6c17225372a5de3679397c0cf451d.jpg,SI
356970,7612985663502,FVT605BKA CAPPA ARREDO PARETE 60CM TOUCH VERTICAL VETRO NERO,FRANKE,GED INCASSO,CAPPE,CAPPE,148.62,249.0,https://prf.icecat.biz/?shopname=el4u&smi=product&ean_upc=7612985663502&lang=it,https://inishop.com/img/gallery_thumbs/98ecec7a1606b29a1c7b61f4d29f21bdb2a4de57.jpg,SI
356972,7612985663526,FVT905BKA CAPPA ARREDO PARETE 90CM TOUCH VERTICAL VETRO NERO,FRANKE,GED INCASSO,CAPPE,CAPPE,157.06,279.0,https://prf.icecat.biz/?shopname=el4u&smi=product&ean_upc=7612985663526&lang=it,https://inishop.com/img/gallery_thumbs/45efac330dca1639b2e21fc874832d21aa8ba9d4.jpg,SI
356982,7612985650953,1120569559 FILTRO CARBONI ATTIVI CAPPA VERTIS/ARNO/TIBER,FRANKE,GED INCASSO,ACCESSORI E RICAMBI,ACCESSORI E RICAMBI,10.26,18.9,https://prf.icecat.biz/?shopname=el4u&smi=product&ean_upc=7612985650953&lang=it,https://inishop.com/img/gallery_thumbs/eb8aa3a035318a7e2fcdc8840ac2735cac1fcac6.jpg,SI
357098,7612985784337,FSM82HEXS FORNO 60CM 71LT MULTIF. CL.A INOX SATINATO,FRANKE,GED INCASSO,FORNI,ELETTR. MULTIFUNZ.,270.79,349.0,https://prf.icecat.biz/?shopname=el4u&smi=product&ean_upc=7612985784337&lang=it,https://inishop.com/img/gallery_thumbs/77de57fa49cfef700c1c084c394ca37401c89821.jpg,SI
357843,8024651211501,NSM7NLPPP FORNO 60CM 74LT MULTI.MASTER PIZZA EASY STEAM NERO,DELONGHI,GED INCASSO,FORNI,ELETTR. MULTIFUNZ.,310.97,449.0,https://prf.icecat.biz/?shopname=el4u&smi=product&ean_upc=8024651211501&lang=it,https://images.icecat.biz/img/gallery_thumbs/7ec29b0229b149fe30d50e55868db51c64da4727.jpg,SI
357942,7612981901523,AZG621AVENA LAVELLO 116CM 2V. C/GOCC. ANTEA AVENA,FRANKE,GED INCASSO,LAVELLI,LAVELLI,190.86,279.0,https://prf.icecat.biz/?shopname=el4u&smi=product&ean_upc=7612981901523&lang=it,https://inishop.com/img/gallery_thumbs/4c0bfed4d5ceb2c545f0ff42090c98baabbf7b05.jpg,SI
357977,8054383965113,GFE993IX FORNO 90CM 89LT MULTIF.10 CL.A INOX,GLEM,GED INCASSO,FORNI,ELETTR. MULTIFUNZ.,821.05,1099.0,https://prf.icecat.biz/?shopname=el4u&smi=product&ean_upc=8054383965113&lang=it,https://inishop.com/img/gallery_thumbs/8d3975fd1b953f6f80d1ca7979e580796c7a54bf.jpg,SI
360856,4002516531227,11979170 DETERSIVO WOOLCARE LANA E DELICATI,MIELE,GED LAVAGGIO,ACCESSORI,ACCESSORI LAVATR./ASCIUG.,15.56,19.9,,,NO
361914,4002516464907,12787430 DETERSIVO LAVASTOVIGLIE POWERDISK 20LAVAGGI 1PZ,MIELE,GED LAVAGGIO,ACCESSORI,ACCESSORI LAVATR./ASCIUG.,11.19,12.9,,,NO
361915,4002516531654,11986760 DETERSIVO ULTRADARK 1.5LT 1PZ,MIELE,GED LAVAGGIO,ACCESSORI,ACCESSORI LAVATR./ASCIUG.,18.69,23.9,,,NO
361916,4002516531159,11986980 AMMORBIDENTE 1.5LT 1PZ ,MIELE,GED LAVAGGIO,ACCESSORI,ACCESSORI LAVATR./ASCIUG.,9.29,11.9,,,NO
362356,4002516377269,11639210 FILTRO HEPA AIRCLEAN SF HA 60,MIELE,PED LINEA PULIZIA,ACCESSORI E RICAMBI,ACCESSORI E RICAMBI,26.3,39.9,,,NO
362357,4002516377337,11639240 FILTRO HYGIENE AIRCLEAN SF HY 60,MIELE,PED LINEA PULIZIA,ACCESSORI E RICAMBI,ACCESSORI E RICAMBI,19.05,26.9,,,NO
362535,4002516476092,11905600 DISH CLEAN PER LAVASTOVIGLIE,MIELE,GED LAVAGGIO,ACCESSORI,ACCESSORI LAVASTOVIGLIE,11.64,13.9,,,NO
362537,4002516560944,12022180 PROFUMATORE PER ASCIUGABIANCHERIA FRAGRANZA ROSE,MIELE,GED LAVAGGIO,ACCESSORI,ACCESSORI LAVATR./ASCIUG.,10.81,11.82,,,NO
363303,7612985876483,1150623055 MISCELATORE CANNA LUNGA ESTRAIB. ORBIT CROMO,FRANKE,GED INCASSO,RUBINETTERIA,RUBINETTERIA,102.53,149.0,https://prf.icecat.biz/?shopname=el4u&smi=product&ean_upc=7612985876483&lang=it,https://inishop.com/img/gallery_thumbs/7e0e0c13e4f80236afe54b4a4f9c5a05c087cc1c.jpg,SI
363457,8690842428937,BMGB25332BG FORNO M/O INC. 60CM 25LT 5LIV.POT C/GRILL TIMER IX,BEKO,GED INCASSO,FORNI,MICROONDE,216.29,279.0,https://prf.icecat.biz/?shopname=el4u&smi=product&ean_upc=8690842428937&lang=it,https://images.icecat.biz/img/gallery_thumbs/e3519fcfb4d3a0fd2d9f05cf6c4b6d7051e555db.jpg,SI
363486,8690842400766,BMGB25333BG FORNO M/O INC. 60CM 25LT 1450W 5LIV. C/GRILL NERO,BEKO,GED INCASSO,FORNI,MICROONDE,234.45,299.0,https://prf.icecat.biz/?shopname=el4u&smi=product&ean_upc=8690842400766&lang=it,https://images.icecat.biz/img/gallery_thumbs/35487775899bea063d17440c87125b80c56cea0c.jpg,SI
363875,8003437619519,5KHBV83EER FRULL.IMMERS. 180W 1LT LAME INOX ROSSO IMPERIALE,KITCHENAID,PED LINEA CUCINA,PREPARAZIONE CIBI,FRULLATORI AD IMMERSIONE,145.45,179.9,https://prf.icecat.biz/?shopname=el4u&smi=product&ean_upc=8003437619519&lang=it,https://images.icecat.biz/img/gallery_thumbs/68a00eca1361ac626e189157d1c829c1c89f2a0c.jpg,SI
363933,8003437048326,5KSMTHPS COPERCHIO VERSATORE X 5KSM125/150/156/175/180/185,KITCHENAID,PED LINEA CUCINA,PREPARAZIONE CIBI,ACCESSORI E RICAMBI,41.7,69.9,https://prf.icecat.biz/?shopname=el4u&smi=product&ean_upc=8003437048326&lang=it,https://images.icecat.biz/img/gallery_thumbs/d515a96f74cfecb9d33b3c962f53962fa24a5cb8.jpg,SI
363941,5413184120962,5KSM185PSECA IMPASTATORE 300W 4.8LT ACCESS.ROSSO MELA METALLIZZ,KITCHENAID,PED LINEA CUCINA,PREPARAZIONE CIBI,IMPASTATRICI,628.27,869.0,https://prf.icecat.biz/?shopname=el4u&smi=product&ean_upc=5413184120962&lang=it,https://images.icecat.biz/img/gallery_thumbs/bfe00ab7cb2e6e048633c8a88799ff8c3e767868.jpg,SI
364372,7612985785280,FSM804IBBK P.COTT.INDUZ.77CM 4ZONE BRIDGE SMART NERO,FRANKE,GED INCASSO,PIANI COTTURA,INDUZIONE,282.69,499.0,https://prf.icecat.biz/?shopname=el4u&smi=product&ean_upc=7612985785280&lang=it,https://inishop.com/img/gallery_thumbs/fa951b104661397123fc2ae31e6cd81d42841b1a.jpg,SI
364712,7332543829484,EGS75362X P.COTT.GAS 75CM 5F G.GHISA STEPPOWER INOX,ELECTROLUX,GED INCASSO,PIANI COTTURA,A GAS,266.66,349.0,https://prf.icecat.biz/?shopname=el4u&smi=product&ean_upc=7332543829484&lang=it,https://images.icecat.biz/img/gallery_thumbs/ba2b3b1619e2eddf0bbed1e7fca945a58d0a0792.jpg,SI
364957,4002516445289,11805640 BOCCHETTA PAVIMENTO UNIVERSALE ALLTEQ SBD 365-3,MIELE,PED LINEA PULIZIA,ACCESSORI E RICAMBI,ACCESSORI E RICAMBI,46.09,59.9,,,NO
364982,8059606962634,GFT64SAS3 FORNO 60CM 64LT MULTIF. CL.A SABBIA,GLEM,GED INCASSO,FORNI,ELETTR. MULTIFUNZ.,361.79,499.0,https://prf.icecat.biz/?shopname=el4u&smi=product&ean_upc=8059606962634&lang=it,https://inishop.com/img/gallery_thumbs/732473ff4a7465b3deae3b91ac50a49319b1cd2a.jpg,SI
365919,8004399025370,ECAM22022GB M.CAFFE' AUTOMAT. DISP.TOUCH MAGNIFICA START,DELONGHI,PED LINEA CUCINA,CAFFE',MACCHINE AUTOMATICHE,188.81,299.0,https://prf.icecat.biz/?shopname=el4u&smi=product&ean_upc=8004399025370&lang=it,https://images.icecat.biz/img/gallery_thumbs/f9ae0588e05c49e55d048afea538d1f84799084c.jpg,SI
366239,4002516561248,12023610 PROFUMATORE PER ASCIUGABIANCHERIA FRAGRANZA COCOON,MIELE,GED LAVAGGIO,ACCESSORI,ACCESSORI LAVATR./ASCIUG.,10.86,13.9,,,NO
366573,4002516515388,KFN4395DD COMBI 371LT CE.D NOFROST DYNACOOL INOX,MIELE,GED REFRIGERAZIONE,FRIGO COMBINATI,NO FROST,683.08,899.0,,,NO
366838,8690842516863,BBIE11100B FORNO 60CM 72LT MULTIF.6 NERO,BEKO,GED INCASSO,FORNI,ELETTR. MULTIFUNZ.,198.46,249.0,https://prf.icecat.biz/?shopname=el4u&smi=product&ean_upc=8690842516863&lang=it,https://images.icecat.biz/img/gallery_thumbs/b4e1bece15e4e2543b4458be4297a51dd93850ef.jpg,SI
366839,8690842429316,BBIE14100X FORNO 60CM 72LT MULTIF.6 INOX,BEKO,GED INCASSO,FORNI,ELETTR. MULTIFUNZ.,198.46,249.0,https://prf.icecat.biz/?shopname=el4u&smi=product&ean_upc=8690842429316&lang=it,https://images.icecat.biz/img/gallery_thumbs/fb3bc7fdd928f455454947fd3dfbb77b02ee2ffe.jpg,SI
366841,8690842526572,HIAW64225SXE P.COTT.GAS 60CM 4F WOK G.GHISA INOX,BEKO,GED INCASSO,PIANI COTTURA,A GAS,168.65,199.0,https://prf.icecat.biz/?shopname=el4u&smi=product&ean_upc=8690842526572&lang=it,https://images.icecat.biz/img/gallery_thumbs/d0c5118abd5b60a073b4c3d4e4702419d01a5923.jpg,SI
367736,8690842526541,HIAW75225SXE P.COTT.GAS 75CM 4F+1F.WOK G.GHISA INOX,BEKO,GED INCASSO,PIANI COTTURA,A GAS,226.16,299.0,https://prf.icecat.biz/?shopname=el4u&smi=product&ean_upc=8690842526541&lang=it,https://images.icecat.biz/img/gallery_thumbs/8d4ab6b2b28e51044650434d2319fc4d85fceda8.jpg,SI
368246,4242005374564,KGN493LDC COMBI 438LT CE.D L.70CM NOFROST INVERTER INOX,BOSCH,GED REFRIGERAZIONE,FRIGO COMBINATI,NO FROST,837.05,1099.0,https://prf.icecat.biz/?shopname=el4u&smi=product&ean_upc=4242005374564&lang=it,https://inishop.com/img/gallery_thumbs/a1c8e99e137850c7af59f63abba00e3d4f39bd25.jpg,SI
368418,8690842289453,BBIM12300XD FORNO 60CM 72LT MULTIF.8 CL.A INOX,BEKO,GED INCASSO,FORNI,ELETTR. MULTIFUNZ.,228.31,299.0,https://prf.icecat.biz/?shopname=el4u&smi=product&ean_upc=8690842289453&lang=it,https://images.icecat.biz/img/gallery_thumbs/d9c5eb0e28262365494c1cb0e347375179abc76a.jpg,SI
371566,7612986183283,1120158200 PASTA MULTIUSO 300GR CONF.SINGOLA,FRANKE,GED INCASSO,RUBINETTERIA,RUBINETTERIA,9.14,13.0,https://prf.icecat.biz/?shopname=el4u&smi=product&ean_upc=7612986183283&lang=it,https://inishop.com/img/gallery_thumbs/fe39545e818ae61e910f64564e64910b4ca7ef06.jpg,SI
372075,4002516371960,11614620 PROFUMATORI FRAGRANZA NATURE 3PZ,MIELE,GED LAVAGGIO,ACCESSORI,ACCESSORI LAVATR./ASCIUG.,30.27,38.9,,,NO
372085,4002516456117,11841360 DETERSIVO LAVASTOVIGLIE POWERDISK 6PZ,MIELE,GED LAVAGGIO,ACCESSORI,ACCESSORI LAVASTOVIGLIE,58.38,65.9,,,NO
372091,4002516560982,12021590 PROFUMATORI FRAGRANZA AQUA 3PZ,MIELE,GED LAVAGGIO,ACCESSORI,ACCESSORI LAVATR./ASCIUG.,30.27,38.9,,,NO
372092,4002516561019,12022210 PROFUMATORE FRAGRANZA ORIENT,MIELE,GED LAVAGGIO,ACCESSORI,ACCESSORI LAVATR./ASCIUG.,10.81,11.82,,,NO
372093,4002516551140,12023720 PROFUMATORI FRAGRANZA COCOON 3PZ,MIELE,GED LAVAGGIO,ACCESSORI,ACCESSORI LAVATR./ASCIUG.,30.27,38.9,,,NO
372094,4002516561200,12026040 PROFUMATORI FRAGRANZA DRYFRESH 3PZ,MIELE,GED LAVAGGIO,ACCESSORI,ACCESSORI LAVATR./ASCIUG.,30.27,38.9,,,NO
372095,4002516561521,12033110 PROFUMATORI FRAGRANZA AQUA/NATURE/COCOON,MIELE,GED LAVAGGIO,ACCESSORI,ACCESSORI LAVATR./ASCIUG.,30.27,38.9,,,NO
372891,4242005338948,KGN392LCF COMBI 363LT CE.C NOFROST 3RIP. INVERTER INOX,BOSCH,GED REFRIGERAZIONE,FRIGO COMBINATI,NO FROST,666.6,869.0,https://prf.icecat.biz/?shopname=el4u&smi=product&ean_upc=4242005338948&lang=it,https://inishop.com/img/gallery_thumbs/976f1c3537cf796dc9297b8b851d118782aa1d39.jpg,SI
374711,8059019003504,HAISJ64MC P.COTT.INDUZ.60CM 4ZONE TOUCH VETROC. BT/WIFI NERO,HAIER,GED INCASSO,PIANI COTTURA,INDUZIONE,230.59,299.0,https://prf.icecat.biz/?shopname=el4u&smi=product&ean_upc=8059019003504&lang=it,https://images.icecat.biz/img/gallery_thumbs/dadf0048c2a52690d203b9c5800d40c25a8e718e.jpg,SI
376527,0753759324902,0100286210 SMART WATCH GPS WIFI VIVOACTIVE 5 BLACK/SLATE,GARMIN,TELEFONIA,TELEFONIA MOBILE,SMARTWATCH,196.35,199.9,https://prf.icecat.biz/?shopname=el4u&smi=product&ean_upc=0753759324902&lang=it,https://inishop.com/img/gallery_thumbs/759b023a89129c7bfd710396bb9c02f75cbe9f19.jpg,SI
376528,0753759324919,0100286211 SMART WATCH GPS WIFI VIVOACTIVE 5 IVORY/CREAM GOLD,GARMIN,TELEFONIA,TELEFONIA MOBILE,SMARTWATCH,196.35,199.9,https://prf.icecat.biz/?shopname=el4u&smi=product&ean_upc=0753759324919&lang=it,https://inishop.com/img/gallery_thumbs/a2a4b5650dd1d8b0bb96879638cecaf2ed838bee.jpg,SI
376683,4002516715306,DUOFLEXHX1CATDOG SCOPA RIC. S/SACCO 0.3LT C/SPAZZOLA PELI ANIMALI,MIELE,PED LINEA PULIZIA,ASPIRAPOLVERE,SCOPE RICARICABILI,267.22,349.0,,,NO
376684,4002516714583,DUOFLEXHX1YELLOW SCOPA RIC. S/SACCO 0.3LT GIALLO,MIELE,PED LINEA PULIZIA,ASPIRAPOLVERE,SCOPE RICARICABILI,228.82,299.0,,,NO
376911,8024651214656,DMX64INL CUCINA 60CM 4ZONE INDUZ. F.ELETT.MULTIF.9 INOX,DELONGHI,GED COTTURA,CUCINE CON FORNO ELETTRICO,DA 60 A 69 CM,718.93,949.0,https://prf.icecat.biz/?shopname=el4u&smi=product&ean_upc=8024651214656&lang=it,https://images.icecat.biz/img/gallery_thumbs/956338de8607e96371766ce19acc2671d71c7036.jpg,SI
377415,8690842573477,BU1154HCN FRIGO INC.SOTTOPIANO 107LT H.82CM CE.E C/FREEZER,BEKO,GED INCASSO,FRIGORIFERI,SOTTOPIANO,298.37,379.0,https://prf.icecat.biz/?shopname=el4u&smi=product&ean_upc=8690842573477&lang=it,https://images.icecat.biz/img/gallery_thumbs/b68ce6650ed54e693f92d426e2316007bb32164c.jpg,SI
377659,6921727078506,RQ5P470SAIE FRIGO 4P. 484LT L.80CM CE.E NOFROST INV. WIFI INOX,HISENSE,GED REFRIGERAZIONE,FRIGO 3 PORTE/OLTRE,NO FROST,650.86,849.0,https://prf.icecat.biz/?shopname=el4u&smi=product&ean_upc=6921727078506&lang=it,https://images.icecat.biz/img/gallery_thumbs/b7c154e2008a9042bdc19d7e1d7a9771a19b0c07.jpg,SI
378026,8690842516856,BBIC11000B FORNO 60CM 74LT STATICO NERO,BEKO,GED INCASSO,FORNI,ELETTR. STATICI,163.61,199.0,https://prf.icecat.biz/?shopname=el4u&smi=product&ean_upc=8690842516856&lang=it,https://images.icecat.biz/img/gallery_thumbs/3f78f308864ceb64ee762a02a28493c0ce1eb362.jpg,SI
378210,8806095536378,RB50DG601EB1EF COMBI 508LT CE.E L75CM NOFROST INV WIFI BLACK INOX,SAMSUNG,GED REFRIGERAZIONE,FRIGO COMBINATI,NO FROST,757.78,1099.0,https://prf.icecat.biz/?shopname=el4u&smi=product&ean_upc=8806095536378&lang=it,https://images.icecat.biz/img/gallery_thumbs/f19af44e64115a70de413ad984da411a02056eb6.jpg,SI
378211,8806095536446,RB50DG602ES9EF COMBI 508LT CE.E L.75CM NOFROST INV WIFI METALINOX,SAMSUNG,GED REFRIGERAZIONE,FRIGO COMBINATI,NO FROST,757.78,1099.0,https://prf.icecat.biz/?shopname=el4u&smi=product&ean_upc=8806095536446&lang=it,https://images.icecat.biz/img/gallery_thumbs/fb5184e9383c10b2867820aebedede2533e5758c.jpg,SI
378291,8806095550190,WW11DB7B94GEU3 LAV.C/FRONT 11KG 1400GIRI CE.A-20% VAP ECODOS WIFI,SAMSUNG,GED LAVAGGIO,LAVATRICI CARICA FRONTALE,"DA 11 A 11,99 KG",548.82,749.0,https://prf.icecat.biz/?shopname=el4u&smi=product&ean_upc=8806095550190&lang=it,https://images.icecat.biz/img/gallery_thumbs/80cb812c43226ebae3fc185fad8be247715bc915.jpg,SI
378454,8806095536521,RB53DG703DS9EF COMBI 538LT CE.D L.75CM NOFROST WIFI METAL INOX,SAMSUNG,GED REFRIGERAZIONE,FRIGO COMBINATI,NO FROST,840.68,1199.0,https://prf.icecat.biz/?shopname=el4u&smi=product&ean_upc=8806095536521&lang=it,https://images.icecat.biz/img/gallery_thumbs/2c789b59bcf1b9afe5618088d190349d9a2f2e8d.jpg,SI
378468,4242005394494,PXV831HC1E P.COTT.INDUZ.80CM 5ZONE BRIDGE NERO,BOSCH,GED INCASSO,PIANI COTTURA,INDUZIONE,759.12,999.0,https://prf.icecat.biz/?shopname=el4u&smi=product&ean_upc=4242005394494&lang=it,https://inishop.com/img/gallery_thumbs/dcb807a1369036aa0c5670791e2adf2f1c1e39c8.jpg,SI
378546,4002516806332,WEK375WPS LAV.C/FRONT 10KG 1400GIRI CE.A INV VAPORE WIFI,MIELE,GED LAVAGGIO,LAVATRICI CARICA FRONTALE,"DA 10 A 10,99 KG",1176.53,1699.0,,,NO
378703,8690842627743,BCSA285K4SN1 COMBI INC. 271LT H.177.5CM CE.E STATICO INVERTER,BEKO,GED INCASSO,FRIGORIFERI,COMBINATI,332.52,449.0,https://prf.icecat.biz/?shopname=el4u&smi=product&ean_upc=8690842627743&lang=it,https://images.icecat.biz/img/gallery_thumbs/61e2e91872afa8be9f7e5d42260377af0fb87dde.jpg,SI
379236,6921727083449,HBI54250E COMBI INC.252LT H178CM CE.E NOFROST INV CONV.ZONE,HISENSE,GED INCASSO,FRIGORIFERI,COMBINATI,440.72,599.0,https://prf.icecat.biz/?shopname=el4u&smi=product&ean_upc=6921727083449&lang=it,https://images.icecat.biz/img/gallery_thumbs/d5c0d05cc3c190e579756e1ec8f656b520cdb619.jpg,SI
379249,753759326593,"0100286320 SMART WATCH 1.2"" FORERUNNER 165 BLACK",GARMIN,TELEFONIA,TELEFONIA MOBILE,SMARTWATCH,232.33,232.33,https://prf.icecat.biz/?shopname=el4u&smi=product&ean_upc=753759326593&lang=it,https://inishop.com/img/gallery_thumbs/256b5fa64450a058709e3eafa4f7cf4c0a20ecd6.jpg,SI
379250,753759326609,"0100286321 SMART WATCH 1.2"" FORERUNNER 165 WHITE",GARMIN,TELEFONIA,TELEFONIA MOBILE,SMARTWATCH,232.33,232.33,https://prf.icecat.biz/?shopname=el4u&smi=product&ean_upc=753759326609&lang=it,https://inishop.com/img/gallery_thumbs/a3518ec4334444e9541cea87e77d9e7ee87d3ded.jpg,SI
379360,8690842620461,BDSA250K4SN FRIGO 2P.INC. 220LT H.144.8CM CE.E STATICO CERN.DX,BEKO,GED INCASSO,FRIGORIFERI,DOPPIA PORTA,259.63,349.0,https://prf.icecat.biz/?shopname=el4u&smi=product&ean_upc=8690842620461&lang=it,https://images.icecat.biz/img/gallery_thumbs/44e2d8e2cb2a616c57015996d9c7de442af5bb3e.jpg,SI
379485,4002516770329,H2455BPACTIVE FORNO 60CM 76LT MULTIF. PIROLITICO NERO,MIELE,GED INCASSO,FORNI,ELETTR. MULTIFUNZ.,708.38,999.0,,,NO
379486,4002516788485,H2456BACTIVE FORNO 60CM 76LT MULTIF. NERO,MIELE,GED INCASSO,FORNI,ELETTR. MULTIFUNZ.,637.86,899.0,,,NO
379489,4002516780229,H27661B125EDITION FORNO 60CM 76LT MULTIF. AIRFRY WIFI NERO,MIELE,GED INCASSO,FORNI,ELETTR. MULTIFUNZ.,849.42,1199.0,,,NO
379490,4002516711728,KFN4397CD COMBI 360LT CE.C NOFROST DYNACOOL WIFI SILVER,MIELE,GED REFRIGERAZIONE,FRIGO COMBINATI,NO FROST,988.37,1299.0,,,NO
379495,4002516798316,KM7221FR P.COTT.INDUZ.60CM 4ZONE TOUCH VETROCER.NERO,MIELE,GED INCASSO,PIANI COTTURA,INDUZIONE,635.81,899.0,,,NO
379496,4002516772415,KM7466FR125EDITION P.COTT.INDUZ.60CM 4ZONE 1BRIDGE VET,MIELE,GED INCASSO,PIANI COTTURA,INDUZIONE,833.26,1179.0,,,NO
379500,4002516761471,WEB685WCS LAV.C/FRONT 8KG 1400GIRI CE.A-10% WIFI TWINDOS VAP,MIELE,GED LAVAGGIO,LAVATRICI CARICA FRONTALE,"DA 8 A 8,99 KG",900.24,1049.0,,,NO
379501,4002516767480,WEI885WCS LAV.C/FRONT 9KG 1600GIRI CE.A WIFI TWINDOS VAP.,MIELE,GED LAVAGGIO,LAVATRICI CARICA FRONTALE,"DA 9 A 9,99 KG",1312.05,1749.0,,,NO
379808,8057971108992,AMN965EXV24 CUCINA 90X60CM 5F/GAS F.EL.MULTI11 AMERICANA INOX,BERTAZZONI LA GERMANIA,GED COTTURA,CUCINE CON FORNO ELETTRICO,DA 90 A 99 CM,678.69,949.0,https://prf.icecat.biz/?shopname=el4u&smi=product&ean_upc=8057971108992&lang=it,https://inishop.com/img/gallery_thumbs/4435936a4734bb5f625c9ff0bd2ce186e5ff6735.jpg,SI
379860,4242005326488,HBG7721B1 FORNO 60CM 71LT MULTIF. AIR FRY PIROLITICO NERO,BOSCH,GED INCASSO,FORNI,ELETTR. MULTIFUNZ.,928.48,1199.0,https://prf.icecat.biz/?shopname=el4u&smi=product&ean_upc=4242005326488&lang=it,https://inishop.com/img/gallery_thumbs/b577c99526c011a4cea33c2cb78d7b2ab2c7c9ae.jpg,SI
381645,8057971106936,SE965EX24 CUCINA 90CM 5F/GAS F.ELETT.MULTI INOX,BERTAZZONI LA GERMANIA,GED COTTURA,CUCINE CON FORNO ELETTRICO,DA 90 A 99 CM,611.01,799.0,https://prf.icecat.biz/?shopname=el4u&smi=product&ean_upc=8057971106936&lang=it,https://inishop.com/img/gallery_thumbs/80124240d28dcbba3c93790edb7cabdc2c7efe3a.jpg,SI
381646,8057971106905,SE965GX24 CUCINA 90CM 5F/GAS F.GAS VENT. INOX,BERTAZZONI LA GERMANIA,GED COTTURA,CUCINE CON FORNO A GAS,DA 90 A 99 CM,611.01,799.0,https://prf.icecat.biz/?shopname=el4u&smi=product&ean_upc=8057971106905&lang=it,https://inishop.com/img/gallery_thumbs/7a927c766455bcecc8a0fed8baf81d6e401f22f7.jpg,SI
381726,8057971106974,SE664GX24 CUCINA 60CM 4F/GAS F.GAS VENT. INOX,BERTAZZONI LA GERMANIA,GED COTTURA,CUCINE CON FORNO A GAS,DA 60 A 69 CM,380.3,499.0,https://prf.icecat.biz/?shopname=el4u&smi=product&ean_upc=8057971106974&lang=it,https://inishop.com/img/gallery_thumbs/d9bd8796404578b23ba396024e50ba714f1a0fe5.jpg,SI
382011,8806084272539,F4R3013NSWB LAV.C/FRONT 13KG 1400GIRI CE.A-20% INV. VAP. AIDD,LG,GED LAVAGGIO,LAVATRICI CARICA FRONTALE,12 KG E OLTRE,500.68,649.0,https://prf.icecat.biz/?shopname=el4u&smi=product&ean_upc=8806084272539&lang=it,https://images.icecat.biz/img/gallery_thumbs/e5cc12159bababe39b7a13746db0630cf25d0692.jpg,SI
382264,8057971108923,AMN664EXV24 CUCINA 60CM 4F/GAS F.ELETT.MULTI.5 AMERICANA INOX,BERTAZZONI LA GERMANIA,GED COTTURA,CUCINE CON FORNO ELETTRICO,DA 60 A 69 CM,517.75,699.0,https://prf.icecat.biz/?shopname=el4u&smi=product&ean_upc=8057971108923&lang=it,https://inishop.com/img/gallery_thumbs/0c92a19fde2788ef9926308fdf34e3ac26f1bbd3.jpg,SI
382265,8057971108978,AMN664GXV24 CUCINA 60CM 4F/GAS F.GAS VENT. AMERICANA INOX,BERTAZZONI LA GERMANIA,GED COTTURA,CUCINE CON FORNO A GAS,DA 60 A 69 CM,517.75,699.0,https://prf.icecat.biz/?shopname=el4u&smi=product&ean_upc=8057971108978&lang=it,https://inishop.com/img/gallery_thumbs/28241c635f815a0e640c03836e48a9a6105631a9.jpg,SI
382266,8057971106950,SE664EB24 CUCINA 60CM 4F/GAS F.ELETT.MULTI BIANCO,BERTAZZONI LA GERMANIA,GED COTTURA,CUCINE CON FORNO ELETTRICO,DA 60 A 69 CM,356.03,499.0,https://prf.icecat.biz/?shopname=el4u&smi=product&ean_upc=8057971106950&lang=it,https://inishop.com/img/gallery_thumbs/944d9452c2ac39f5a78b62397be0be8c65ef7eae.jpg,SI
382267,8057971106943,SE664EX24 CUCINA 60CM 4F/GAS F.ELETT.MULTI INOX,BERTAZZONI LA GERMANIA,GED COTTURA,CUCINE CON FORNO ELETTRICO,DA 60 A 69 CM,380.3,499.0,https://prf.icecat.biz/?shopname=el4u&smi=product&ean_upc=8057971106943&lang=it,https://inishop.com/img/gallery_thumbs/5937beb4bf3f9e930555520f56e943b4c9573277.jpg,SI
382269,8057971106912,SE965ENE24 CUCINA 90CM 5F/GAS F.ELETT.MULTI NERO,BERTAZZONI LA GERMANIA,GED COTTURA,CUCINE CON FORNO ELETTRICO,DA 90 A 99 CM,611.01,799.0,https://prf.icecat.biz/?shopname=el4u&smi=product&ean_upc=8057971106912&lang=it,https://inishop.com/img/gallery_thumbs/b1e584ccb573bd885d01e387e759c2180eee05e5.jpg,SI
382314,6921081599822,HD90A3Q397U1S ASCIUG.C/FRONT 9KG CE.C INVERTER WIFI,HAIER,GED LAVAGGIO,ASCIUGATRICI,"DA 9 A 9,99 KG",1227.68,1599.0,https://prf.icecat.biz/?shopname=el4u&smi=product&ean_upc=6921081599822&lang=it,https://images.icecat.biz/img/gallery_thumbs/f2bde28d2df23d8c11f8b75d1012f8ae43a20dfd.jpg,SI
382409,3838782757099,HI6401BSCE P.COTT.INDUZ.60CM 4ZONE TOUCH VETROCER.NERO,HISENSE,GED INCASSO,PIANI COTTURA,INDUZIONE,169.62,229.0,https://prf.icecat.biz/?shopname=el4u&smi=product&ean_upc=3838782757099&lang=it,https://images.icecat.biz/img/gallery_thumbs/db90ef1586106e1c7bf1b542b6ef1ec28626af77.jpg,SI
382635,4242005442362,WGG244F0II LAV.C/FRONT 9KG 1400GIRI CE.A I-DOS,BOSCH,GED LAVAGGIO,LAVATRICI CARICA FRONTALE,"DA 9 A 9,99 KG",602.57,749.0,https://prf.icecat.biz/?shopname=el4u&smi=product&ean_upc=4242005442362&lang=it,https://inishop.com/img/gallery_thumbs/80479304994575b2181ea0e43ccaa2c8014c64d2.jpg,SI
382636,6901018083211,HCR3818EWMM FRIGO 4P. 463LT CE.E NOFROST DISP.BEV INV. INOX,HAIER,GED REFRIGERAZIONE,FRIGO 3 PORTE/OLTRE,NO FROST,660.04,899.0,https://prf.icecat.biz/?shopname=el4u&smi=product&ean_upc=6901018083211&lang=it,https://images.icecat.biz/img/gallery_thumbs/0553cad351fe296c1977d72f4e3590768e362a6f.jpg,SI
382985,8059019088938,H6ID25G3YTB1 FORNO 60CM 78LT MULTIF.PIZZA/AIRFRY A++ WIFI PIR.,HAIER,GED INCASSO,FORNI,ELETTR. MULTIFUNZ.,433.94,549.0,https://prf.icecat.biz/?shopname=el4u&smi=product&ean_upc=8059019088938&lang=it,https://images.icecat.biz/img/gallery_thumbs/e8e0e1288f3212762493cae824636cba59ebc97b.jpg,SI
383527,8059019095165,BS410B10S LAV.C/FRONT 10KG 1400GIRI CE.A-40% INV VAPORE WIFI,CANDY,GED LAVAGGIO,LAVATRICI CARICA FRONTALE,"DA 10 A 10,99 KG",469.88,599.0,https://prf.icecat.biz/?shopname=el4u&smi=product&ean_upc=8059019095165&lang=it,https://images.icecat.biz/img/gallery_thumbs/d83abc9ad92537487266f3f6e14f51bb5e99b22a.jpg,SI
383933,753759337971,0100290300 SMART WATCH 43MM FENIX 8 SILVER/WHITESTONE,GARMIN,TELEFONIA,TELEFONIA MOBILE,SMARTWATCH,901.87,999.9,https://prf.icecat.biz/?shopname=el4u&smi=product&ean_upc=753759337971&lang=it,https://inishop.com/img/gallery_thumbs/2dd0c9a3b343ca456c4b6fb493abb72282fb30a9.jpg,SI
383935,753759338152,0100290500 SMART WATCH 51MM FENIX 8 SLATE GRAY/BLACK,GARMIN,TELEFONIA,TELEFONIA MOBILE,SMARTWATCH,946.05,946.05,https://prf.icecat.biz/?shopname=el4u&smi=product&ean_upc=753759338152&lang=it,https://inishop.com/img/gallery_thumbs/49693f495796162e549b964fdda59d700a861fb8.jpg,SI
383994,3838782921919,BI350BGPZ FORNO 60CM 77LT MULTIF.PIZZA CL.A+ PIROL. NERO,HISENSE,GED INCASSO,FORNI,ELETTR. MULTIFUNZ.,418.22,549.0,https://prf.icecat.biz/?shopname=el4u&smi=product&ean_upc=3838782921919&lang=it,https://images.icecat.biz/img/gallery_thumbs/ce8ee2145806bf96ff070d56b4336b400c87d4b7.jpg,SI
384433,4242005464432,HBA514BS3 FORNO 60CM 71LT MULTIF. CL.A+ INOX,BOSCH,GED INCASSO,FORNI,ELETTR. MULTIFUNZ.,338.39,449.0,https://prf.icecat.biz/?shopname=el4u&smi=product&ean_upc=4242005464432&lang=it,https://inishop.com/img/gallery_thumbs/6a15b4be1a597a600bb6c52ccfad07cefa106a08.jpg,SI
385479,6921081503485,HW90BPD13386US LAV.C/ALTO 9KG 1300GIRI CE.A DISP.LED INVERT WIFI,HAIER,GED LAVAGGIO,LAVATRICI CARICA DALL'ALTO,8 KG E OLTRE,602.4,799.0,https://prf.icecat.biz/?shopname=el4u&smi=product&ean_upc=6921081503485&lang=it,https://images.icecat.biz/img/gallery_thumbs/e53903c143c5eabc2a196179b1938a39b0deeb88.jpg,SI
385732,8003437645624,5KEK1701EER BOLLITORE EL.2400W 1.7LT TEMP.REG. ROSSO IMPERIALE,KITCHENAID,PED LINEA CUCINA,PREPARAZIONE CIBI,BOLLITORI,145.52,199.0,https://prf.icecat.biz/?shopname=el4u&smi=product&ean_upc=8003437645624&lang=it,https://images.icecat.biz/img/gallery_thumbs/a917d704cc365fa8c19bdcf157d67ee23eea2f2d.jpg,SI
386978,8806095757391,RS57DG400EM9EF SBS 583LT CE.E NOFROST INVERTER WIFI METAL INOX,SAMSUNG,GED REFRIGERAZIONE,SIDE BY SIDE,NO FROST,804.31,999.0,https://prf.icecat.biz/?shopname=el4u&smi=product&ean_upc=8806095757391&lang=it,https://images.icecat.biz/img/gallery_thumbs/98f078cbacd2562e3ba1e3d4d347894ec5647698.jpg,SI
387080,8806095680873,DW60DG790B00U1 LAVAST.SC/TOT.60CM 14COP CE.A 3CESTO WIFI,SAMSUNG,GED INCASSO,LAVASTOVIGLIE,SCOMP. TOTALE 60cm,617.24,799.0,https://prf.icecat.biz/?shopname=el4u&smi=product&ean_upc=8806095680873&lang=it,https://images.icecat.biz/img/gallery_thumbs/1f5e9854e7e9a6dd075f8f083c722ea3c4a77154.jpg,SI
387187,8024651003274,DGL6P52CSH LAVAST.SC/TOT.60CM 14COP CE.C 5PROG.INV.CERN.SLID.,DELONGHI,GED INCASSO,LAVASTOVIGLIE,SCOMP. TOTALE 60cm,323.85,399.0,,,NO
387229,8056446510797,CC83EXBX FRIGO 4P. 436LT CE.E NOFROST INV. D.LED INOX NERO,GRF,GED REFRIGERAZIONE,FRIGO 3 PORTE/OLTRE,NO FROST,789.5,999.0,,,NO
387327,4242005508563,SMS4ECI27E LAVAST.14COP CE.A 6PROG 3CEST WIFI TOP REMOV. INOX,BOSCH,GED LAVAGGIO,LAVASTOVIGLIE,60x60,675.08,849.0,https://prf.icecat.biz/?shopname=el4u&smi=product&ean_upc=4242005508563&lang=it,https://inishop.com/img/gallery_thumbs/503101d109d36b53a6cd352d9ce773b8f6fc99f3.jpg,SI
387328,8056446511107,CHF500E CONG.ORIZZ. 500LT CE.E ILL.LED INVERTER BIANCO,GRF,GED REFRIGERAZIONE,CONGELATORI ORIZZONTALI,OLTRE 350 LT.,561.78,799.0,,,NO
387503,4242005483044,SMI4ECS28E LAVAST.C/FRONT.INOX 60CM 14COP. CE.A 3CEST WIFI,BOSCH,GED INCASSO,LAVASTOVIGLIE,SCOMP. PARZIALE 60cm.,724.95,999.0,https://prf.icecat.biz/?shopname=el4u&smi=product&ean_upc=4242005483044&lang=it,https://inishop.com/img/gallery_thumbs/cf49801742f64a17d66633a4bfafa4d787b588a2.jpg,SI
388497,8059606966175,SA765MI6 CUCINA 70CM 5F/GAS F.ELETT.MULTI VENTILA.CL.A INOX,GLEM,GED COTTURA,CUCINE CON FORNO ELETTRICO,DA 70 A 79 CM,683.06,949.0,https://prf.icecat.biz/?shopname=el4u&smi=product&ean_upc=8059606966175&lang=it,https://inishop.com/img/gallery_thumbs/11d6c7be5616a4ebad7bd65269feeb48255b8c90.jpg,SI
388628,8690842683862,HII64401QT P.COTT.INDUZ.60CM 4ZONE TOUCH TIMER NERO,BEKO,GED INCASSO,PIANI COTTURA,INDUZIONE,180.71,239.0,https://prf.icecat.biz/?shopname=el4u&smi=product&ean_upc=8690842683862&lang=it,https://images.icecat.biz/img/gallery_thumbs/daa72c863b10004c4caf59ead0e332873e415ee1.jpg,SI
388738,8056446511367,CGT83EXM FRIGO 4P. 436LT CE.E NOFROST DISP.LED INV. MARMO,GRF,GED REFRIGERAZIONE,FRIGO 3 PORTE/OLTRE,NO FROST,544.36,849.0,,,NO
388739,8056446511350,CGT83EXN FRIGO 4P. 436LT CE.E NOFROST DISP.LED INV. NERO,GRF,GED REFRIGERAZIONE,FRIGO 3 PORTE/OLTRE,NO FROST,544.36,849.0,,,NO
388874,8690842605857,BBIM17300BSEA FORNO 60CM 72LT MULTIF.AIRFRY CL.A+ DISP.LED NERO,BEKO,GED INCASSO,FORNI,ELETTR. MULTIFUNZ.,267.24,329.0,https://prf.icecat.biz/?shopname=el4u&smi=product&ean_upc=8690842605857&lang=it,https://images.icecat.biz/img/gallery_thumbs/560be2e848f573a4ab1d5c06cd855eb5679b216d.jpg,SI
389248,6901018094361,HDPW5620ANPK COMBI 409LT CE.A NOFROST INVERT DISPLAY WIFI INOX,HAIER,GED REFRIGERAZIONE,FRIGO COMBINATI,NO FROST,792.49,999.0,https://prf.icecat.biz/?shopname=el4u&smi=product&ean_upc=6901018094361&lang=it,https://images.icecat.biz/img/gallery_thumbs/72fd32e2371ca21d1ff116d87694446d6099e8d9.jpg,SI
389406,3838782924477,BI64213SEPBG FORNO 60CM 77LT MULTIF. PIROLITICO CL.A+ NERO,HISENSE,GED INCASSO,FORNI,ELETTR. MULTIFUNZ.,271.69,349.0,https://prf.icecat.biz/?shopname=el4u&smi=product&ean_upc=3838782924477&lang=it,https://images.icecat.biz/img/gallery_thumbs/05333f686acfdf2a5b906c35ac88c49b93d63a2a.jpg,SI
389951,8059304468926,WGDP215NSRE0 FRIGO 2P. 215LT CE.E STATICO ILL.LED RETRO ROSSO,SMARTWAY,GED REFRIGERAZIONE,FRIGO DOPPIA PORTA,STATICO,311.05,419.0,,,NO
389952,8059304468971,WVCBR373NCE0 COMBI 331LT CE.E NOFROST ILL.LED RETRO BEIGE,SMARTWAY,GED REFRIGERAZIONE,FRIGO COMBINATI,NO FROST,528.9,759.0,,,NO
389953,8059304468964,WVCBR373NKE0 COMBI 331LT CE.E NOFROST ILL.LED RETRO NERO,SMARTWAY,GED REFRIGERAZIONE,FRIGO COMBINATI,NO FROST,528.9,759.0,,,NO
389954,8059304468957,WVCBR373NRE0 COMBI 331LT CE.E NOFROST ILL.LED RETRO ROSSO,SMARTWAY,GED REFRIGERAZIONE,FRIGO COMBINATI,NO FROST,528.9,759.0,,,NO
389955,8059304469008,WVDP263SCE0 FRIGO 2P. 213LT CE.E STATICO LESS FROST BEIGE,SMARTWAY,GED REFRIGERAZIONE,FRIGO DOPPIA PORTA,NO FROST,208.24,299.0,,,NO
389956,8059304468995,WVDP263SKE0 FRIGO 2P. 213LT CE.E STATICO LESS FROST NERO,SMARTWAY,GED REFRIGERAZIONE,FRIGO DOPPIA PORTA,NO FROST,208.24,299.0,,,NO
389957,8059304468988,WVDP263SRE0 FRIGO 2P. 213LT CE.E STATICO LESS FROST ROSSO,SMARTWAY,GED REFRIGERAZIONE,FRIGO DOPPIA PORTA,NO FROST,208.24,299.0,,,NO
390005,4002516794486,GUARDL1ALLERGY ASPIR. C/SACCO 890W 3.5LT DISP.LCD BIANC.BRILLANTE,MIELE,PED LINEA PULIZIA,ASPIRAPOLVERE,CARRELLO CON SACCO,212.84,299.0,,,NO
390010,4002516795278,GUARDM1CATANDDOGFLEX ASPIR. C/SACCO 890W 4.5LT NERO OSSIDIANA,MIELE,PED LINEA PULIZIA,ASPIRAPOLVERE,CARRELLO CON SACCO,255.49,359.0,,,NO
390011,4002516833796,GUARDM1FLEX ASPIR. C/SACCO 890W 4.5LT BLU NORDICO,MIELE,PED LINEA PULIZIA,ASPIRAPOLVERE,CARRELLO CON SACCO,198.64,279.0,,,NO
390015,4002516794066,GUARDS1GIALLOTRAMONTO ASPIR. C/SACCO 890W 3.5LT GIALLO TRAMONTO,MIELE,PED LINEA PULIZIA,ASPIRAPOLVERE,CARRELLO CON SACCO,127.55,169.9,,,NO
390017,4002516794080,GUARDS1PARQUETXL ASPIR. C/SACCO 890W 3.5LT BIANCO BRILLANTE,MIELE,PED LINEA PULIZIA,ASPIRAPOLVERE,CARRELLO CON SACCO,159.53,199.0,,,NO
390192,8806097105619,WF90F09C4SU3 LAV.C/F.9KG 1400G.CE.A-55% INV.WIFI VAP.DARK SI,SAMSUNG,GED LAVAGGIO,LAVATRICI CARICA FRONTALE,"DA 9 A 9,99 KG",811.18,1099.0,https://prf.icecat.biz/?shopname=el4u&smi=product&ean_upc=8806097105619&lang=it,https://images.icecat.biz/img/gallery_thumbs/1556a1aae84b5bc7cd8927bc109bbd1aa351597a.jpg,SI
390316,4242005327096,HRG7764B1 FORNO 60CM 71LT MULTIF.20 VAPORE PIROLITICO NERO,BOSCH,GED INCASSO,FORNI,ELETTR. MULTIFUNZ.,1281.76,1799.0,https://prf.icecat.biz/?shopname=el4u&smi=product&ean_upc=4242005327096&lang=it,https://inishop.com/img/gallery_thumbs/f5866d75c00eacfd73b800da0fbe4f18612fbc26.jpg,SI
390317,4242005482320,SMD8TCX04E LAVAST.SC/TOT.60CM 14COP CE.A 3CEST. ZEOLITE WIFI,BOSCH,GED INCASSO,LAVASTOVIGLIE,SCOMP. TOTALE 60cm,973.47,1399.0,https://prf.icecat.biz/?shopname=el4u&smi=product&ean_upc=4242005482320&lang=it,https://inishop.com/img/gallery_thumbs/f3effe804c13cfb684f48c6976abbc1220238240.jpg,SI
390464,8054341710632,WGDP215NSCE0 FRIGO 2P. 215LT CE.E STATICO ILL.LED RETRO CREMA,SMARTWAY,GED REFRIGERAZIONE,FRIGO DOPPIA PORTA,STATICO,311.05,419.0,,,NO
390465,8054341710625,WGDP215NSKE0 FRIGO 2P. 215LT CE.E STATICO ILL.LED RETRO NERO,SMARTWAY,GED REFRIGERAZIONE,FRIGO DOPPIA PORTA,STATICO,311.05,419.0,,,NO
390468,8054341711073,WGFT103SMKE0 FRIGO TAVOLO 95LT CE.E ILL.LED RETRO NERO,SMARTWAY,GED REFRIGERAZIONE,FRIGO TAVOLO,FRIGO TAVOLO,184.35,249.0,,,NO
390469,8054341711066,WGFT103SMRE0 FRIGO TAVOLO 95LT CE.E ILL.LED RETRO ROSSO,SMARTWAY,GED REFRIGERAZIONE,FRIGO TAVOLO,FRIGO TAVOLO,184.35,249.0,,,NO
390599,4242005461974,SMV4EMX71S LAVAST.SC/TOT.60CM 14COP CE.B 3CEST. WIFI,BOSCH,GED INCASSO,LAVASTOVIGLIE,SCOMP. TOTALE 60cm,553.23,729.0,https://prf.icecat.biz/?shopname=el4u&smi=product&ean_upc=4242005461974&lang=it,https://inishop.com/img/gallery_thumbs/9739219af7850cbd93b1c41b5db3d2fa6165971d.jpg,SI
390602,0753759314743,"0100278401 SMART WATCH 1.4"" 45MM VENU 3 BLACK/SLATE",GARMIN,TELEFONIA,TELEFONIA MOBILE,SMARTWATCH,397.07,397.07,https://prf.icecat.biz/?shopname=el4u&smi=product&ean_upc=0753759314743&lang=it,https://inishop.com/img/gallery_thumbs/4bb146e015eef735bf17257ba6a6f941c27b1793.jpg,SI
390691,4002516867678,WEA135WCS LAV.C/FRONT 8KG 1400GIRI CE.A-10% INVERT.CAPDOSING,MIELE,GED LAVAGGIO,LAVATRICI CARICA FRONTALE,"DA 8 A 8,99 KG",775.53,899.0,,,NO
390692,4002516868040,WEB365WCS LAV.C/FRONT 8KG 1400GIRI CE.A-20% INVERT.WIFI VAP.,MIELE,GED LAVAGGIO,LAVATRICI CARICA FRONTALE,"DA 8 A 8,99 KG",872.85,1099.0,,,NO
390693,4002516868217,WED395WCS LAV.C/FRONT 9KG 1400GIRI CE.A-20% INVERT.WIFI VAP.,MIELE,GED LAVAGGIO,LAVATRICI CARICA FRONTALE,"DA 9 A 9,99 KG",996.53,1299.0,,,NO
390694,4002516867760,WEE395WCS LAV.C/FRONT 8KG 1400GIRI CE.A-40% INVERT.WIFI VAP.,MIELE,GED LAVAGGIO,LAVATRICI CARICA FRONTALE,"DA 8 A 8,99 KG",1170.8,1499.0,,,NO
390695,4002516867982,WEG885WCS LAV.C/FRONT 9KG 1400GIRI A-20% INV.WIF.VAP.TWINDOS,MIELE,GED LAVAGGIO,LAVATRICI CARICA FRONTALE,"DA 9 A 9,99 KG",1160.12,1599.0,,,NO
390707,4002516829751,12557060 SACCHETTI ASPIRAP. 4PZ+1FILTRO HYCLEAN PURE TU,MIELE,PED LINEA PULIZIA,ACCESSORI E RICAMBI,SACCHETTI,13.12,19.9,,,NO
390708,4002516830085,12557080 SACCHETTI ASPIRAP. 4PZ+1FILTRO HYCLEAN PURE CO,MIELE,PED LINEA PULIZIA,ACCESSORI E RICAMBI,SACCHETTI,13.12,19.9,,,NO
390862,4002516874980,TEA535WP ASCIUG.C/FRONT 8KG CE.C INVERTER ILL.LED,MIELE,GED LAVAGGIO,ASCIUGATRICI,"DA 8 A 8,99 KG",763.64,899.0,,,NO
390895,7333394074634,TI84IB30IZ P.COTT.INDUZ.80CM 4ZONE SAPHIRMATT SENSEBOIL&FRY,AEG,GED INCASSO,PIANI COTTURA,INDUZIONE,933.77,1399.0,https://prf.icecat.biz/?shopname=el4u&smi=product&ean_upc=7333394074634&lang=it,https://images.icecat.biz/img/gallery_thumbs/0d4643776755d2f876cef474c6daf0a27912fa42.jpg,SI
390899,7333394068060,TO64IM0BIB P.COTT.INDUZ.60CM 4ZONE TOUCH VETROCER.NERO,AEG,GED INCASSO,PIANI COTTURA,INDUZIONE,390.48,549.0,https://prf.icecat.biz/?shopname=el4u&smi=product&ean_upc=7333394068060&lang=it,https://images.icecat.biz/img/gallery_thumbs/681f799a065444fbb3c59f4e9acc28297e3d939e.jpg,SI
390908,4242005496426,PPQ7A6I15 P.COTT.GAS 75CM 5F G.GHISA VETRO NERO,BOSCH,GED INCASSO,PIANI COTTURA,A GAS,426.4,549.0,https://prf.icecat.biz/?shopname=el4u&smi=product&ean_upc=4242005496426&lang=it,https://inishop.com/img/gallery_thumbs/bb52e4e40ee858bd00746d38abe650eb740b9b83.jpg,SI
390970,8690842688553,BDIN37530 LAVAST.SC/TOT.60CM 15COP CE.D 3CEST. 6PROG.SLIDING,BEKO,GED INCASSO,LAVASTOVIGLIE,SCOMP. TOTALE 60cm,352.41,449.0,https://prf.icecat.biz/?shopname=el4u&smi=product&ean_upc=8690842688553&lang=it,https://images.icecat.biz/img/gallery_thumbs/b8a56e92e313a02bf9d7111c6628e7f337c98d34.jpg,SI
390971,8690842685286,DIN34330 LAVAST.SC/TOT.60CM 13COP CE.D DISP.DIG.TOUCH INOX,BEKO,GED INCASSO,LAVASTOVIGLIE,SCOMP. TOTALE 60cm,294.69,369.0,https://prf.icecat.biz/?shopname=el4u&smi=product&ean_upc=8690842685286&lang=it,https://images.icecat.biz/img/gallery_thumbs/952e2b9ecd87637939fa6c9f6f6f98ae76499775.jpg,SI
391754,4002516905752,G5611ICLST LAVAST.C/FRONT.INOX 60CM 13COP. CE.A 5PROG.,MIELE,GED INCASSO,LAVASTOVIGLIE,SCOMP. PARZIALE 60cm.,745.34,1049.0,,,NO
391759,4002516905783,G5633SCBRWS LAVAST.14COP CE.A 3CESTO BIANCO BRILLANTE,MIELE,GED LAVAGGIO,LAVASTOVIGLIE,60x60,663.92,899.0,,,NO
391761,4002516905806,G5633SCUBRWS LAVAST.60CM 14COP CE.A SOTTOPIANO BIANCO BRILLANTE,MIELE,GED LAVAGGIO,LAVASTOVIGLIE,SOTTOPIANO/APPOGGIO,663.92,899.0,,,NO
391764,4002516905707,G5653VI LAVAST.SC/TOT.60CM 13COP CE.A 5PROG. INOX,MIELE,GED INCASSO,LAVASTOVIGLIE,SCOMP. TOTALE 60cm,710.08,999.0,,,NO
391765,4002516905943,G5663SCVI LAVAST.SC/TOT.60CM 14COP CE.A 3CESTO,MIELE,GED INCASSO,LAVASTOVIGLIE,SCOMP. TOTALE 60cm,776.8,1099.0,,,NO
391766,4002516905950,G5811SCUOBSW LAVAST.60CM 14COP CE.A SOTTOPIANO 3CESTO NERO,MIELE,GED LAVAGGIO,LAVASTOVIGLIE,SOTTOPIANO/APPOGGIO,846.99,1149.0,,,NO
391767,4002516906018,G5853SCVI LAVAST.SC/TOT.60CM 14COP CE.A 3CEST.MULTIF.3D INOX,MIELE,GED INCASSO,LAVASTOVIGLIE,SCOMP. TOTALE 60cm,952.23,1349.0,,,NO
391769,4002516906049,G7040SCCLST LAVAST.14COP CE.A 11PROG.3CEST.AUTODOS WIFI INOX,MIELE,GED LAVAGGIO,LAVASTOVIGLIE,60x60,956.83,1299.0,,,NO
391770,4002516906056,G7040SCUAUTODOS LAVAST.60CM 14COP CE.A SOTTOPIANO 3CEST. WIFI INOX,MIELE,GED LAVAGGIO,LAVASTOVIGLIE,SOTTOPIANO/APPOGGIO,956.83,1299.0,,,NO
392048,8050147705285,IO258HSB FORNO 60CM 71LT MULTIF.VAPORE CL.A+ NERO,INDESIT,GED INCASSO,FORNI,ELETTR. MULTIFUNZ.,244.99,299.0,https://prf.icecat.biz/?shopname=el4u&smi=product&ean_upc=8050147705285&lang=it,https://images.icecat.biz/img/gallery_thumbs/1ed8ffa61af33db82d4c56526a6d16ff3fdbf4a6.jpg,SI
392056,8003437056307,W0ID751AX LAVAST.SC/TOT.60CM 14COP CE.B 3CEST. 10PROG.,WHIRLPOOL,GED INCASSO,LAVASTOVIGLIE,SCOMP. TOTALE 60cm,429.14,549.0,https://prf.icecat.biz/?shopname=el4u&smi=product&ean_upc=8003437056307&lang=it,https://images.icecat.biz/img/gallery_thumbs/8e238700636bd0ca208104f367d7417470bfa804.jpg,SI
392424,6901018094408,HQE1855BCMW COMBI INC. 251LT H.177CM CE.E NOFROST INVERT WIFI,HAIER,GED INCASSO,FRIGORIFERI,COMBINATI,490.26,649.0,https://prf.icecat.biz/?shopname=el4u&smi=product&ean_upc=6901018094408&lang=it,https://images.icecat.biz/img/gallery_thumbs/aa896cb7b0063aa7ab13727ed68166df4caf7c92.jpg,SI
392665,4242005510429,WGG254Z8II LAV.C/FRONT 10KG 1400GIRI CE.A INVERTER VAPORE,BOSCH,GED LAVAGGIO,LAVATRICI CARICA FRONTALE,"DA 10 A 10,99 KG",569.51,749.0,,,NO
392871,8690842790881,BMEPT481SBIIT ASCIUG.C/FRONT 8KG CE.C INVERTER VAPOR.DISP.DIG.NX,BEKO,GED LAVAGGIO,ASCIUGATRICI,"DA 8 A 8,99 KG",390.7,499.0,https://prf.icecat.biz/?shopname=el4u&smi=product&ean_upc=8690842790881&lang=it,https://images.icecat.biz/img/gallery_thumbs/e69662eb342873725b3160e8c5350d2013f14284.jpg,SI
392872,8690842714351,BMEPT491SBI ASCIUG.C/FRONT 9KG CE.C INVERT.VAPORE DISP.DIG. NX,BEKO,GED LAVAGGIO,ASCIUGATRICI,"DA 9 A 9,99 KG",443.82,579.0,https://prf.icecat.biz/?shopname=el4u&smi=product&ean_upc=8690842714351&lang=it,https://images.icecat.biz/img/gallery_thumbs/d1544fd56ec53317a542c3b705480ae920aa0281.jpg,SI
392873,8690842787591,BMTEP73EB ASCIUG.C/F.SLIM 7KG CE.D INVERT DISPLAY DIGIT. NX,BEKO,GED LAVAGGIO,ASCIUGATRICI,"DA 7 A 7,99 KG",360.6,469.0,https://prf.icecat.biz/?shopname=el4u&smi=product&ean_upc=8690842787591&lang=it,https://images.icecat.biz/img/gallery_thumbs/5440e4e36a32d44a07f185ce51578479cad6554c.jpg,SI
393067,8806097064558,DV90DG52A0AHET ASCIUG.C/FRONT 9KG CE.C INVERTER WIFI,SAMSUNG,GED LAVAGGIO,ASCIUGATRICI,"DA 9 A 9,99 KG",505.33,679.0,https://prf.icecat.biz/?shopname=el4u&smi=product&ean_upc=8806097064558&lang=it,https://images.icecat.biz/img/gallery_thumbs/9d2e6123cfcc86a3a4bd03567871395b3b3b08da.jpg,SI
393150,4242005523764,WQB246D0II ASCIUG.C/FRONT 9KG CE.B INV WIFI CONDENS.AUTOPUL.,BOSCH,GED LAVAGGIO,ASCIUGATRICI,"DA 9 A 9,99 KG",1003.9,1349.0,https://prf.icecat.biz/?shopname=el4u&smi=product&ean_upc=4242005523764&lang=it,https://inishop.com/img/gallery_thumbs/7300439ee60d6955915dac3c3548bb8961dd67d9.jpg,SI
393196,3838783083111,HV16BEX1 LAVAST.SC/TOT.60CM 16COP CE.B INV. 3CEST.,HISENSE,GED INCASSO,LAVASTOVIGLIE,SCOMP. TOTALE 60cm,381.75,499.0,,,NO
393402,8059019119182,HD90D357GU1IT ASCIUG.C/FRONT 9KG CE.D WIFI ANTRACITE,HAIER,GED LAVAGGIO,ASCIUGATRICI,"DA 9 A 9,99 KG",438.34,599.0,,,NO
393427,8690842799402,BMWEP8147DB LAV.C/FRONT 8KG 1400GIRI CE.A-10% INV.VAP.OBLO NER,BEKO,GED LAVAGGIO,LAVATRICI CARICA FRONTALE,"DA 8 A 8,99 KG",285.1,369.0,https://prf.icecat.biz/?shopname=el4u&smi=product&ean_upc=8690842799402&lang=it,https://images.icecat.biz/img/gallery_thumbs/ca99bb5f9083d616f8f25d2a7da00e7488c7e25c.jpg,SI
393429,8690842790041,BMWSEP7126EB LAV.C/FRONT SLIM 45CM 7KG 1200GIRI CE.A INV.VAP,BEKO,GED LAVAGGIO,LAVATRICI SLIM,"DA 7 A 7,99 KG",268.7,379.0,https://prf.icecat.biz/?shopname=el4u&smi=product&ean_upc=8690842790041&lang=it,https://images.icecat.biz/img/gallery_thumbs/c64b7977dfbb1b980036eada3adfcc4f809f37c7.jpg,SI
393482,4002516860280,TQ1000WPNOVAEDITION ASCIUG.C/FRONT 9KG CE.B INVERTER WIFI VAP,MIELE,GED LAVAGGIO,ASCIUGATRICI,"DA 9 A 9,99 KG",2131.31,2899.0,,,NO
393916,4002516937524,G7651SCVI LAVAST.SC/TOT.60CM 14COP CE.A-10% 3CESTO AUTODOS,MIELE,GED INCASSO,LAVASTOVIGLIE,SCOMP. TOTALE 60cm,1303.1,1849.0,,,NO
393921,753759341336,"0100302500 SMART WATCH 1.3"" 47MM FENIX E STAINLESS STEEL",GARMIN,TELEFONIA,TELEFONIA MOBILE,SMARTWATCH,426.65,429.9,https://prf.icecat.biz/?shopname=el4u&smi=product&ean_upc=753759341336&lang=it,https://inishop.com/img/gallery_thumbs/c3cc777a56b639e2ed227c322c2d2d46b487cb5a.jpg,SI
393922,753759341343,"0100302501 SMART WATCH 1.3"" 47MM FENIX E SLATE GRAY STEE",GARMIN,TELEFONIA,TELEFONIA MOBILE,SMARTWATCH,426.65,429.9,https://prf.icecat.biz/?shopname=el4u&smi=product&ean_upc=753759341343&lang=it,https://inishop.com/img/gallery_thumbs/ba68ee467307a4201ce02a367babd4d0a13bdcbd.jpg,SI
394157,4242005529308,SMV4HVX14E LAVAST.SC/TOT.60CM 14C CE.C 3CEST. WIFI V. POLINOX,BOSCH,GED INCASSO,LAVASTOVIGLIE,SCOMP. TOTALE 60cm,488.32,629.0,https://prf.icecat.biz/?shopname=el4u&smi=product&ean_upc=4242005529308&lang=it,https://inishop.com/img/gallery_thumbs/3c01fc20a9221c11544b5ecd2a86acca7d553ad1.jpg,SI
394238,7612986497793,1150735610 MISCELATORE CANNA GIREVOLE POLA J HP CHROME,FRANKE,GED INCASSO,RUBINETTERIA,RUBINETTERIA,55.31,89.0,https://prf.icecat.biz/?shopname=el4u&smi=product&ean_upc=7612986497793&lang=it,https://inishop.com/img/gallery_thumbs/bbbd07c1cc4ea50b0c3e25922f8ae1498894fd95.jpg,SI
394413,8017709361136,DHEX08EC ASCIUG.C/FRONT 8KG CE.C INVERTER 15PROG. DISP.LED,SMEG,GED LAVAGGIO,ASCIUGATRICI,"DA 8 A 8,99 KG",418.21,549.0,,,NO
394414,8017709360481,DNEX09SEC ASCIUG.C/FRONT 9KG CE.C INVERTER 15PROG.D.LED VAP,SMEG,GED LAVAGGIO,ASCIUGATRICI,"DA 9 A 9,99 KG",494.81,649.0,,,NO
394495,4002516638377,12144710 SET DETERSIVO 2ULTRACOLOR E 2WOOLCARE,MIELE,GED LAVAGGIO,ACCESSORI,ACCESSORI LAVATR./ASCIUG.,58.81,75.6,,,NO
394690,7333394143491,XLR7FH11YV LAV.C/FRONT 11KG 1400G CE.A-30% INV VAPORE WIFI,AEG,GED LAVAGGIO,LAVATRICI CARICA FRONTALE,"DA 11 A 11,99 KG",671.0,999.0,https://prf.icecat.biz/?shopname=el4u&smi=product&ean_upc=7333394143491&lang=it,https://images.icecat.biz/img/gallery_thumbs/031d7cf6cf2ef6b5e29774a1b56d3a5ca1a8c9e5.jpg,SI
394818,8059019092850,HAVG6BF4TBPB P.COTT.GAS 60CM 4F G.GHISA IN CRISTALLO NERO,HAIER,GED INCASSO,PIANI COTTURA,A GAS,256.76,349.0,https://prf.icecat.biz/?shopname=el4u&smi=product&ean_upc=8059019092850&lang=it,https://images.icecat.biz/img/gallery_thumbs/2b43c0047e5c9b84db1b66f8f49b12f8d13bc593.jpg,SI
394820,8059019083001,H6ID23B3HTX FORNO 60CM 78LT MULTI11 CL.A++IDROLIT.WIF.NER/INOX,HAIER,GED INCASSO,FORNI,ELETTR. MULTIFUNZ.,340.22,449.0,https://prf.icecat.biz/?shopname=el4u&smi=product&ean_upc=8059019083001&lang=it,https://images.icecat.biz/img/gallery_thumbs/aed82f46fb3ee3618100cf0436887d837c6d9b97.jpg,SI
394821,8059019081915,SXI6B0S3FSBV LAVAST.SC/TOT.60CM 16COP CE.B 3CESTO INVERTER WIFI,HAIER,GED INCASSO,LAVASTOVIGLIE,SCOMP. TOTALE 60cm,442.06,549.0,https://prf.icecat.biz/?shopname=el4u&smi=product&ean_upc=8059019081915&lang=it,https://images.icecat.biz/img/gallery_thumbs/e782e715058ccde7a148f73dd2a1fd24752af2f5.jpg,SI
394930,4242005546053,HQA334EB4 FORNO 60CM 71LT MULTIF.8 CL.A+ VAPOR.IDROLISI NERO,BOSCH,GED INCASSO,FORNI,ELETTR. MULTIFUNZ.,431.57,549.0,https://prf.icecat.biz/?shopname=el4u&smi=product&ean_upc=4242005546053&lang=it,https://inishop.com/img/gallery_thumbs/ec6de28bca3d96e2d37d63041b2fff38861f54a4.jpg,SI
396723,6921081515976,HW80BP14357GTUIT LAV.C/F.SLIM 47CM 8KG 1400G CE.A-10% VAP WIFI GREY,HAIER,GED LAVAGGIO,LAVATRICI SLIM,8KG E OLTRE,358.53,479.0,https://prf.icecat.biz/?shopname=el4u&smi=product&ean_upc=6921081515976&lang=it,https://images.icecat.biz/img/gallery_thumbs/462a6eeae9da3ae76af8668fd6324b7e6e0b274d.jpg,SI
396892,4002516390213,11657350 ULTRATABS ALL IN ONE 240 PZ,MIELE,GED LAVAGGIO,ACCESSORI,ACCESSORI LAVASTOVIGLIE,56.7,72.9,,,NO
396910,3838782989834,GG663BHF P.COTT.GAS 60CM 4F G.GHISA VETRO NERO,HISENSE,GED INCASSO,PIANI COTTURA,A GAS,170.27,229.0,https://prf.icecat.biz/?shopname=el4u&smi=product&ean_upc=3838782989834&lang=it,https://images.icecat.biz/img/gallery_thumbs/14ac588a0bc7a4941a6e5b4a0a8c6a1466ff2525.jpg,SI
397030,8059019079011,XI4A4M4PB LAVAST.SC/TOT.60CM 14COP CE.A 3CEST. INVERT WIFI,HAIER,GED INCASSO,LAVASTOVIGLIE,SCOMP. TOTALE 60cm,512.67,649.0,https://prf.icecat.biz/?shopname=el4u&smi=product&ean_upc=8059019079011&lang=it,https://images.icecat.biz/img/gallery_thumbs/e817d9df46213331469f840aad050cd9d6a93eb0.jpg,SI
397294,753759339463,"0100293300 SMART WATCH 0.9"" 45MM BT/WIFI/GPS INSTINCT E BLACK",GARMIN,TELEFONIA,TELEFONIA MOBILE,SMARTWATCH,178.3,179.9,https://prf.icecat.biz/?shopname=el4u&smi=product&ean_upc=753759339463&lang=it,https://inishop.com/img/gallery_thumbs/b9132ebcba2345e2900798a86f9d18a908748028.jpg,SI
397474,6921081512722,HW150BP14986ESIT LAV.C/FRONT 15KG 1400GIR CE.A INVERT ABT ANTRACITE,HAIER,GED LAVAGGIO,LAVATRICI CARICA FRONTALE,12 KG E OLTRE,801.34,999.0,https://prf.icecat.biz/?shopname=el4u&smi=product&ean_upc=6921081512722&lang=it,https://images.icecat.biz/img/gallery_thumbs/54dd3e15be1d86e356fc940f9750957268b32967.jpg,SI
397476,6921081515471,HW80B14367U1IT LAV.C/FRONT 8KG 1400G CE.A-45% INV. VAPORE WIFI,HAIER,GED LAVAGGIO,LAVATRICI CARICA FRONTALE,"DA 8 A 8,99 KG",394.48,499.0,https://prf.icecat.biz/?shopname=el4u&smi=product&ean_upc=6921081515471&lang=it,https://images.icecat.biz/img/gallery_thumbs/3ea7a341d17a4a7fd8711db115c25339c459668f.jpg,SI
397478,6921727089281,RS3P558NMIE SBS 541LT CE.E NOFROST DISP.ACQUA INVERTER INOX,HISENSE,GED REFRIGERAZIONE,SIDE BY SIDE,NO FROST,588.27,799.0,https://prf.icecat.biz/?shopname=el4u&smi=product&ean_upc=6921727089281&lang=it,https://images.icecat.biz/img/gallery_thumbs/539542ee6cf7fe8c160f76ea85b4a2cc548fcb27.jpg,SI
397479,8806096627082,GBBS323CEV COMBI 375LT CE.C NOFROST INV. WIFI AI BLACK STEEL,LG,GED REFRIGERAZIONE,FRIGO COMBINATI,NO FROST,570.99,699.0,https://prf.icecat.biz/?shopname=el4u&smi=product&ean_upc=8806096627082&lang=it,https://images.icecat.biz/img/gallery_thumbs/6087ac69b7344e1bb509a280f04e0a128fbbc5df.jpg,SI
397493,8690842787737,BDIS16030 LAVAST.SC/TOT.SLIM 45CM 10COP CE.D 6PROG.,BEKO,GED INCASSO,LAVASTOVIGLIE,SCOMP. TOTALE 45cm.,331.05,449.0,https://prf.icecat.biz/?shopname=el4u&smi=product&ean_upc=8690842787737&lang=it,https://images.icecat.biz/img/gallery_thumbs/274aceafcb651e6f332cac779c304e469230538e.jpg,SI
397532,4002516974611,12964400 SET 6PZ DETERSIVO ULTRAPHASE 1 E 2 FLORALBOOST,MIELE,GED LAVAGGIO,ACCESSORI,ACCESSORI LAVATR./ASCIUG.,85.93,93.9,,,NO
397533,4002516974529,12964530 SET 6PZ DETERSIVO ULTRAPHASE 1 E 2 REFRESH ELIXIR,MIELE,GED LAVAGGIO,ACCESSORI,ACCESSORI LAVATR./ASCIUG.,85.93,93.9,,,NO
397575,4242005531356,WAN24009IT LAV.C/FRONT 9KG 1200GIRI CE.A INVERTER VAPORE,BOSCH,GED LAVAGGIO,LAVATRICI CARICA FRONTALE,"DA 9 A 9,99 KG",459.11,599.0,https://prf.icecat.biz/?shopname=el4u&smi=product&ean_upc=4242005531356&lang=it,https://inishop.com/img/gallery_thumbs/f6717a723dbfacacf4f126c7c555f1da90b331a7.jpg,SI
397983,8059019122656,MQD410CBL911 LAV.C/FRONT 10+1+1KG 1400GIRI CE.A-35% AUTODOSE,CANDY,GED LAVAGGIO,LAVATRICI CARICA FRONTALE,"DA 10 A 10,99 KG",637.59,999.0,https://prf.icecat.biz/?shopname=el4u&smi=product&ean_upc=8059019122656&lang=it,https://images.icecat.biz/img/gallery_thumbs/bf2832ede3e3c6bc1644de5a0c3bf2c36ddf08b2.jpg,SI
398041,8056446512302,CGT83EXCG FRIGO 4P. 436LT CE.E NOFROST INVERTER CHAMPAGNE,GRF,GED REFRIGERAZIONE,FRIGO 3 PORTE/OLTRE,NO FROST,576.21,899.0,,,NO
398140,8690842768354,BDIN38561P LAVAST.SC/TOT.60CM 15COP CE.A 3CEST.FLEX.8PROG.INV,BEKO,GED INCASSO,LAVASTOVIGLIE,SCOMP. TOTALE 60cm,435.03,549.0,https://prf.icecat.biz/?shopname=el4u&smi=product&ean_upc=8690842768354&lang=it,https://images.icecat.biz/img/gallery_thumbs/77d84b70385f092158cf10d47960fb7a5703c8f3.jpg,SI
398152,8806096619292,GBBSJ21DEP COMBI 375LT CE.D NOFROST INV. WIFI AI MATTE BLACK,LG,GED REFRIGERAZIONE,FRIGO COMBINATI,NO FROST,479.84,649.0,https://prf.icecat.biz/?shopname=el4u&smi=product&ean_upc=8806096619292&lang=it,https://images.icecat.biz/img/gallery_thumbs/10dad348f56127acf90d050cbbbb2aed423258b7.jpg,SI
398265,7612986498622,1150735623 MISCELATORE CANNA GIREVOLE POLA J HP AVENA,FRANKE,GED INCASSO,RUBINETTERIA,RUBINETTERIA,60.05,89.0,https://prf.icecat.biz/?shopname=el4u&smi=product&ean_upc=7612986498622&lang=it,https://inishop.com/img/gallery_thumbs/d5fe96d4d98fc9756257ddb3e05e0bc1d86edf49.jpg,SI
398289,4002516276784,11407610 SET 2PZ DISHCLEAN + 1PZ INTENSECLEAN,MIELE,GED LAVAGGIO,ACCESSORI,ACCESSORI LAVASTOVIGLIE,26.84,34.5,,,NO
398291,4002516624509,12141070 DETERSIVO LIQUIDO 3PZ ULTRACOLOR + 1PZ XXL SPORT,MIELE,GED LAVAGGIO,ACCESSORI,ACCESSORI LAVATR./ASCIUG.,54.38,69.9,,,NO
398507,0753759364724,"0100256215 SMART WATCH 1.4"" 42MM BT FORERUNNER 55 WHITE",GARMIN,TELEFONIA,TELEFONIA MOBILE,SMARTWATCH,160.17,160.17,https://prf.icecat.biz/?shopname=el4u&smi=product&ean_upc=0753759364724&lang=it,https://inishop.com/img/gallery_thumbs/20ada4d7525585d0ab53a7f2d7682e10d8f32fa0.jpg,SI
398764,8054341711943,WBAC3414 ANTICALCARE MAGNETICO OTTONE UNIV.X LAVAT/LAVASTOV,SMARTWAY,GED LAVAGGIO,ACCESSORI,ACCESSORI LAVATR./ASCIUG.,6.18,19.9,,,NO
398974,8054341712810,WHLT11NSM1WE1 FRIGO TAVOLO 90LT CE.E INVERTER,SMARTWAY,GED REFRIGERAZIONE,FRIGO TAVOLO,FRIGO TAVOLO,106.24,159.0,,,NO
399354,8690842898648,BMWEP10149DB LAV.C/FRONT 10KG 1400GIRI CE.A-30 INV.VAP. TOUCH,BEKO,GED LAVAGGIO,LAVATRICI CARICA FRONTALE,"DA 10 A 10,99 KG",331.52,429.0,https://prf.icecat.biz/?shopname=el4u&smi=product&ean_upc=8690842898648&lang=it,https://images.icecat.biz/img/gallery_thumbs/640898660c345d51f30346858c24833b84349630.jpg,SI
399425,4242005545377,SMD6ECX21E LAVAST.SC/TOT.60CM 14COP CE.A 3CESTO WIFI,BOSCH,GED INCASSO,LAVASTOVIGLIE,SCOMP. TOTALE 60cm,663.04,999.0,https://prf.icecat.biz/?shopname=el4u&smi=product&ean_upc=4242005545377&lang=it,https://inishop.com/img/gallery_thumbs/986a96dcaa657161d03e6e9e4ccaf48453606666.jpg,SI
399431,4002516901310,12841520 DETERSIVO X LAVAG.SCARPE IN LAV.SNEAKERTABS 12TABS,MIELE,GED LAVAGGIO,ACCESSORI,ACCESSORI LAVATR./ASCIUG.,12.57,19.99,,,NO
399432,4002516918677,12850790 SACCHETTO X LAVAGG.SCARPE IN LAV.SNEAKERWASH 3TABS,MIELE,GED LAVAGGIO,ACCESSORI,ACCESSORI LAVATR./ASCIUG.,39.34,59.99,,,NO
399522,8690842873249,BMWEP9149DB LAV.C/FRONT 9KG 1400GIRI CE.A-30 INV.VAP. TOUCH,BEKO,GED LAVAGGIO,LAVATRICI CARICA FRONTALE,"DA 9 A 9,99 KG",308.38,399.0,https://prf.icecat.biz/?shopname=el4u&smi=product&ean_upc=8690842873249&lang=it,https://images.icecat.biz/img/gallery_thumbs/8799884d808e9601abc6f159d39c7ed0a802c361.jpg,SI
399764,7333394158594,EOX8P08WH FORNO 60CM 72LT MULTI.CL.A++ PIROL.PIZZA WIFI NERO,ELECTROLUX,GED INCASSO,FORNI,ELETTR. MULTIFUNZ.,577.54,799.0,https://prf.icecat.biz/?shopname=el4u&smi=product&ean_upc=7333394158594&lang=it,https://images.icecat.biz/img/gallery_thumbs/1f2f566001a72f16632264a6195e6703a3d07a51.jpg,SI
399779,4002516993346,13025230 BRILLANTANTE PER LAVASTOVIGLIE GS RA 504 L 500ML,MIELE,GED LAVAGGIO,ACCESSORI,ACCESSORI LAVASTOVIGLIE,8.47,10.9,,,NO
399820,4242005542093,SMS4HMI10E LAVAST.14COP CE.C 3CESTO WIFI ACCIAIO SPAZZOLATO,BOSCH,GED LAVAGGIO,LAVASTOVIGLIE,60x60,507.72,649.0,,,NO
400019,8690842810824,B7BCNA325HS1 COMBI INC. 300LT H.193.5CM CE.D NOFROST INV. TOUCH,BEKO,GED INCASSO,FRIGORIFERI,COMBINATI,578.42,799.0,https://prf.icecat.biz/?shopname=el4u&smi=product&ean_upc=8690842810824&lang=it,https://images.icecat.biz/img/gallery_thumbs/aa00754d55115c86376de94d0f315eb381baba6c.jpg,SI
400132,4242005586301,SMV6YCX07E LAVAST.SC/TOT.60CM 14COP CE.A 3CEST. ZEOLITE WIFI,BOSCH,GED INCASSO,LAVASTOVIGLIE,SCOMP. TOTALE 60cm,711.32,899.0,,,NO
400850,4002516276579,11564370 DETERSIVO PER LAVAST. ULTRATABS ALL IN 1 2X60PZ,MIELE,GED LAVAGGIO,ACCESSORI,ACCESSORI LAVASTOVIGLIE,28.68,40.9,,,NO
400905,4242005508112,KGN39OCAF COMBI 363LT CE.A NOFROST ACCIAIO ANTRACITE,BOSCH,GED REFRIGERAZIONE,FRIGO COMBINATI,NO FROST,1063.98,1299.0,https://prf.icecat.biz/?shopname=el4u&smi=product&ean_upc=4242005508112&lang=it,https://inishop.com/img/gallery_thumbs/6024f229c24e3f485ed706603e46d4e774cb83aa.jpg,SI
400906,4242005541539,PVQ61CHB1E P.COTT.INDUZ.60CM 4ZONE 2COMBIZONE MATT VETROCER.,BOSCH,GED INCASSO,PIANI COTTURA,INDUZIONE,644.03,849.0,https://prf.icecat.biz/?shopname=el4u&smi=product&ean_upc=4242005541539&lang=it,https://inishop.com/img/gallery_thumbs/4ac5515ecd0158250486d66b6515a6471fa4e4e2.jpg,SI
400907,4242005541553,PVW81CHB1E P.COTT.INDUZ.80CM 5ZONE 1COMBIZONE MATT VETROCER.,BOSCH,GED INCASSO,PIANI COTTURA,INDUZIONE,751.27,999.0,https://prf.icecat.biz/?shopname=el4u&smi=product&ean_upc=4242005541553&lang=it,https://inishop.com/img/gallery_thumbs/12c0c4fc0a83a2e2309bdd0c247b3c80f96a4171.jpg,SI
400908,4242005545438,SMV6YCX06E LAVAST.SC/TOT.60CM 14COP CE.A 3CEST.WIF.PERFECTDRY,BOSCH,GED INCASSO,LAVASTOVIGLIE,SCOMP. TOTALE 60cm,829.59,1099.0,,,NO
400970,4002516714002,12358110 DETERSIVO LAVASTOVIGLIE POWERDISK 12PZ,MIELE,GED LAVAGGIO,ACCESSORI,ACCESSORI LAVASTOVIGLIE,105.48,129.0,,,NO
401171,7333394163918,EW6S22XA6 LAV.C/FRONT SLIM 37.8CM 6KG 1200G. CE.A INV.VAPORE,ELECTROLUX,GED LAVAGGIO,LAVATRICI SLIM,"DA 6 A 6,99 KG",418.08,599.0,https://prf.icecat.biz/?shopname=el4u&smi=product&ean_upc=7333394163918&lang=it,https://images.icecat.biz/img/gallery_thumbs/30b2857f488a0a3e2f6ab00e5449b59adebf1fb6.jpg,SI
401308,5413184914868,5KSM3MPA ACCESSORIO PER LA PASTA IN METALLO 3IN1,KITCHENAID,PED LINEA CUCINA,PREPARAZIONE CIBI,ACCESSORI E RICAMBI,149.69,219.0,https://prf.icecat.biz/?shopname=el4u&smi=product&ean_upc=5413184914868&lang=it,https://images.icecat.biz/img/gallery_thumbs/31194e0724929a4a2bee8276fdf539e6c21cdb25.jpg,SI
401942,4002516925682,TRIFLEXHX3HARDFLOOR SCOPA RIC.S/SACCO 3IN1 25.2V X PAV.DURI G,MIELE,PED LINEA PULIZIA,ASPIRAPOLVERE,SCOPE RICARICABILI,426.09,599.0,,,NO
401963,7612986388534,1150712420 MISCELATORE CANNA GIREVOLE LINA L DOCCIA CROMO,FRANKE,GED INCASSO,RUBINETTERIA,RUBINETTERIA,121.29,189.0,https://prf.icecat.biz/?shopname=el4u&smi=product&ean_upc=7612986388534&lang=it,https://inishop.com/img/gallery_thumbs/e1c324eaaefadb8012520bb502758ba706460792.jpg,SI
401973,8054383962372,DGP64GHAVE P.COTT.GAS 60CM 4F G.GHISA SABBIA,GLEM,GED INCASSO,PIANI COTTURA,A GAS,204.82,279.0,,,NO
401975,8054383965243,DGP75X P.COTT.GAS 75CM 4F+TRIPLA CORONA G.MAT INOX,GLEM,GED INCASSO,PIANI COTTURA,A GAS,233.74,319.0,,,NO
402149,8017709369217,MBV44XDNMC COMBI 443LT CE.C NOFROST INVER.MULTIFLOW INOX LOOK,SMEG,GED REFRIGERAZIONE,FRIGO COMBINATI,NO FROST,567.22,749.0,,,NO
402150,8059304468322,WHCB34SL1EB0 COMBI INC. 249LT H.178CM CE.E STATICO,SMARTWAY,GED INCASSO,FRIGORIFERI,COMBINATI,264.52,369.0,,,NO
402341,8054341710151,WHFT14SM1WE0 FRIGO TAVOLO 102LT CE.E CELLA FREEZER,SMARTWAY,GED REFRIGERAZIONE,FRIGO TAVOLO,FRIGO TAVOLO,132.77,199.0,,,NO
402393,6901018096914,HBQW5518D COMBI INC. 251LT H.177.2CM CE.D NOFROST INV. WIFI,HAIER,GED INCASSO,FRIGORIFERI,COMBINATI,490.26,649.0,https://prf.icecat.biz/?shopname=el4u&smi=product&ean_upc=6901018096914&lang=it,https://images.icecat.biz/img/gallery_thumbs/1007a892dbb0a3a4328363ddc2eec3daac6db9c7.jpg,SI
402508,4002516911449,12557210 SACCHETTO ASPIR. KK HYCLEAN PURE X SWING H1/S1 5PZ,MIELE,PED LINEA PULIZIA,ACCESSORI E RICAMBI,SACCHETTI,11.74,17.9,,,NO
402822,8017709369569,W3EXC072A LAV.C/FRONT SLIM 46.5CM 7KG 1200GIRI CE.A INV.VAP.,SMEG,GED LAVAGGIO,LAVATRICI SLIM,"DA 7 A 7,99 KG",263.45,349.0,,,NO
402824,8017709369583,W3EX104A10 LAV.C/FRONT 10KG 1400GIRI CE.A-10% INVERTER VAPORE,SMEG,GED LAVAGGIO,LAVATRICI CARICA FRONTALE,"DA 10 A 10,99 KG",337.51,449.0,,,NO
402916,8059304468452,F70VXSM FORNO 60CM 70LT MULTIF. CL.A+ INOX,SMARTWAY,GED INCASSO,FORNI,ELETTR. MULTIFUNZ.,155.55,219.0,,,NO
402917,8059304468469,MSPI301F P.COTT.INDUZ.30CM 2ZONE FLEXY VETROCERAMICA NERO,SMARTWAY,GED INCASSO,PIANI COTTURA,SERIE DOMINO 30cm.,87.12,139.0,,,NO
402918,8059304468476,MSPI60 P.COTT.INDUZ.60CM 4ZONE TOUCH VETROCER.NERO,SMARTWAY,GED INCASSO,PIANI COTTURA,INDUZIONE,130.85,199.0,,,NO
402919,8059304468438,PG60FRSM P.COTT.GAS 60CM 4F G.SMALTATE INOX,SMARTWAY,GED INCASSO,PIANI COTTURA,A GAS,82.9,139.0,,,NO
402920,8059304468421,PG60LSM P.COTT.GAS 60CM 4F G.SMALTATE INOX,SMARTWAY,GED INCASSO,PIANI COTTURA,A GAS,77.24,129.0,,,NO
402921,8059304468445,PG75SM P.COTT.GAS 75CM 4F+1TRIPL.CORONA G.SMALTATE INOX,SMARTWAY,GED INCASSO,PIANI COTTURA,A GAS,121.41,199.0,,,NO
402946,8059304468155,WHCB22SM1XE0 COMBI 173LT CE.E STATICO 2RIP.VETRO INOX,SMARTWAY,GED REFRIGERAZIONE,FRIGO COMBINATI,STATICO,214.98,319.0,,,NO
402947,8054341712773,WHCB32NM2XE1 COMBI 253LT CE.E NOFROST 3RIP.CRISTALLO INV. INOX,SMARTWAY,GED REFRIGERAZIONE,FRIGO COMBINATI,NO FROST,278.21,399.0,,,NO
402948,8059304469732,WHCB34SM1WE0 COMBI 262LT CE.E STATICO 3RIP.VETRO BIANCO,SMARTWAY,GED REFRIGERAZIONE,FRIGO COMBINATI,STATICO,227.33,329.0,,,NO
402949,8059304468148,WHCB34SM1XE0 COMBI 262LT CE.E STATICO 3RIP.VETRO INOX,SMARTWAY,GED REFRIGERAZIONE,FRIGO COMBINATI,STATICO,232.61,349.0,,,NO
402950,8054341712766,WHCB350NM2XE2 COMBI 293LT CE.E NOFROST 3RIP.CRISTALLO INOX,SMARTWAY,GED REFRIGERAZIONE,FRIGO COMBINATI,NO FROST,292.45,429.0,,,NO
402954,8054341712797,WHDP28NSM1XE3 FRIGO 2P. 206LT CE.E STATICO 4RIP.CRISTALLO INOX,SMARTWAY,GED REFRIGERAZIONE,FRIGO DOPPIA PORTA,STATICO,168.29,259.0,,,NO
402955,8059304468179,WHDP320NM2XE0 FRIGO 2P. 247LT CE.E NOFROST INOX,SMARTWAY,GED REFRIGERAZIONE,FRIGO DOPPIA PORTA,NO FROST,275.41,379.0,,,NO
403155,753759368357,0100430700 SMART WATCH 1.2'' GPS FORERUNNER 70 BLACK,GARMIN,TELEFONIA,TELEFONIA MOBILE,SMARTWATCH,225.45,249.9,https://prf.icecat.biz/?shopname=el4u&smi=product&ean_upc=753759368357&lang=it,https://inishop.com/img/gallery_thumbs/6fc503843cecd44bf21021ea45697d5f1033db74.jpg,SI
403156,753759368364,0100430701 SMART WATCH 1.2'' GPS FORERUNNER 70 WHITESTONE,GARMIN,TELEFONIA,TELEFONIA MOBILE,SMARTWATCH,225.45,249.9,https://prf.icecat.biz/?shopname=el4u&smi=product&ean_upc=753759368364&lang=it,https://inishop.com/img/gallery_thumbs/b53786229d30a25c00e5c80ece2be6777ae88530.jpg,SI
403162,8054341712483,WLBHS812MN LAV.C/FRONT 8KG 1200GIRI CE.A-30% INVERT VAP.,SMARTWAY,GED LAVAGGIO,LAVATRICI CARICA FRONTALE,"DA 8 A 8,99 KG",196.98,279.0,,,NO
403233,8059304468162,WHDP541NM2XE0 FRIGO 2P. 415LT L.70CM CE.E NOFROST INOX,SMARTWAY,GED REFRIGERAZIONE,FRIGO DOPPIA PORTA,NO FROST,334.58,499.0,,,NO
403280,8054341712148,WLBHS712MN LAV.C/FRONT SLIM 46.5CM 7KG 1200GIRI CE.A INV. VAP,SMARTWAY,GED LAVAGGIO,LAVATRICI SLIM,"DA 7 A 7,99 KG",177.18,259.0,,,NO
